"Date","Price","Open","High","Low","Vol.","Change %"
"01/01/2024","7.6449","7.6449","7.6449","7.6449","","0.00%"
"12/31/2023","7.6449","7.6449","7.6449","7.6449","","0.24%"
"12/29/2023","7.6265","7.5666","7.6546","7.5525","","0.83%"
"12/28/2023","7.5635","7.5307","7.5765","7.5147","","0.55%"
"12/27/2023","7.5223","7.5539","7.5788","7.5022","","-0.37%"
"12/26/2023","7.5505","7.5651","7.6126","7.5331","","-0.13%"
"12/25/2023","7.5607","7.5679","7.5918","7.5410","","0.26%"
"12/22/2023","7.5413","7.6102","7.6329","7.5357","","-0.82%"
"12/21/2023","7.6033","7.6359","7.6567","7.5806","","-0.34%"
"12/20/2023","7.6294","7.6469","7.6670","7.6210","","-0.18%"
"12/19/2023","7.6433","7.6623","7.6840","7.6385","","-0.15%"
"12/18/2023","7.6551","7.7097","7.7618","7.6413","","-0.57%"
"12/15/2023","7.6987","7.7176","7.7386","7.6778","","-0.10%"
"12/14/2023","7.7062","7.7508","7.7597","7.6663","","-0.41%"
"12/13/2023","7.7382","7.7806","7.8078","7.7210","","-0.48%"
"12/12/2023","7.7753","7.8081","7.8254","7.7737","","-0.37%"
"12/11/2023","7.8044","7.7914","7.8261","7.7762","","0.21%"
"12/08/2023","7.7879","7.7594","7.8380","7.7434","","0.43%"
"12/07/2023","7.7548","7.8047","7.8170","7.7485","","-0.63%"
"12/06/2023","7.8040","7.8202","7.8362","7.7816","","-0.14%"
"12/05/2023","7.8150","7.7998","7.8337","7.7831","","0.28%"
"12/04/2023","7.7929","7.7929","7.8257","7.7718","","0.27%"
"12/01/2023","7.7719","7.8507","7.8678","7.7650","","-0.96%"
"11/30/2023","7.8469","7.7743","7.8755","7.7583","","0.96%"
"11/29/2023","7.7720","7.7530","7.7974","7.7309","","0.29%"
"11/28/2023","7.7498","7.8017","7.8176","7.7475","","-0.63%"
"11/27/2023","7.7988","7.7974","7.8365","7.7720","","0.11%"
"11/24/2023","7.7905","7.8229","7.8369","7.7755","","-0.21%"
"11/23/2023","7.8069","7.8045","7.8460","7.7628","","0.06%"
"11/22/2023","7.8019","7.8203","7.8504","7.7832","","-0.20%"
"11/21/2023","7.8174","7.8099","7.8319","7.7684","","0.17%"
"11/20/2023","7.8039","7.8293","7.8552","7.7987","","-0.12%"
"11/17/2023","7.8134","7.8614","7.8808","7.8210","","-0.54%"
"11/16/2023","7.8557","7.8127","7.8819","7.8002","","0.62%"
"11/15/2023","7.8075","7.8520","7.8716","7.7902","","-0.51%"
"11/14/2023","7.8478","7.9788","8.0042","7.8407","","-1.62%"
"11/13/2023","7.9771","8.0140","8.0273","7.9688","","-0.35%"
"11/10/2023","8.0048","8.0306","8.0487","7.9924","","-0.29%"
"11/09/2023","8.0284","8.0351","8.0484","7.9854","","0.01%"
"11/08/2023","8.0273","8.0620","8.0961","8.0239","","-0.34%"
"11/07/2023","8.0548","8.0792","8.0919","8.0496","","-0.21%"
"11/06/2023","8.0719","8.0526","8.0931","8.0312","","0.51%"
"11/03/2023","8.0311","8.1513","8.1669","8.0252","","-1.30%"
"11/02/2023","8.1371","8.1739","8.1849","8.1256","","-0.41%"
"11/01/2023","8.1703","8.1594","8.2016","8.1419","","0.21%"
"10/31/2023","8.1532","8.1674","8.1827","8.1194","","-0.11%"
"10/30/2023","8.1620","8.1435","8.1752","8.1206","","0.36%"
"10/27/2023","8.1329","8.1528","8.1852","8.1171","","-0.13%"
"10/26/2023","8.1432","8.1315","8.1777","8.1152","","0.25%"
"10/25/2023","8.1226","8.1219","8.1585","8.0956","","0.01%"
"10/24/2023","8.1217","8.0309","8.1328","8.0015","","1.22%"
"10/23/2023","8.0240","7.9987","8.0693","7.9869","","0.56%"
"10/20/2023","7.9790","7.9844","8.0238","7.9706","","0.06%"
"10/19/2023","7.9743","8.0301","8.0511","7.9531","","-0.59%"
"10/18/2023","8.0215","7.9805","8.0397","7.9647","","0.66%"
"10/17/2023","7.9687","7.9848","8.0068","7.9594","","-0.12%"
"10/16/2023","7.9780","8.0606","8.0710","7.9767","","-0.82%"
"10/13/2023","8.0439","8.0288","8.0801","7.9745","","0.22%"
"10/12/2023","8.0262","8.0005","8.0326","7.9704","","0.39%"
"10/11/2023","7.9951","7.9771","8.0233","7.9634","","0.31%"
"10/10/2023","7.9701","8.0309","8.0434","7.9580","","-0.75%"
"10/09/2023","8.0303","8.0310","8.0702","8.0146","","0.18%"
"10/06/2023","8.0155","8.0482","8.0864","8.0036","","-0.37%"
"10/05/2023","8.0451","8.0659","8.0839","8.0335","","-0.20%"
"10/04/2023","8.0615","8.0748","8.0946","8.0272","","-0.13%"
"10/03/2023","8.0722","8.0503","8.1034","8.0323","","0.28%"
"10/02/2023","8.0496","7.9974","8.0605","7.9579","","0.69%"
"09/29/2023","7.9941","7.9953","8.0184","7.9419","","0.07%"
"09/28/2023","7.9888","8.0630","8.0749","7.9819","","-0.87%"
"09/27/2023","8.0588","8.0316","8.0718","7.9890","","0.44%"
"09/26/2023","8.0234","8.0920","8.1150","8.0121","","-0.75%"
"09/25/2023","8.0844","8.1597","8.1680","8.0617","","-0.87%"
"09/22/2023","8.1556","8.1735","8.2064","8.1302","","-0.20%"
"09/21/2023","8.1721","8.1598","8.2378","8.0726","","0.18%"
"09/20/2023","8.1578","8.1838","8.1918","8.1048","","-0.21%"
"09/19/2023","8.1752","8.1784","8.1931","8.1376","","0.05%"
"09/18/2023","8.1711","8.1966","8.2451","8.1702","","-0.36%"
"09/15/2023","8.2008","8.2034","8.2178","8.1679","","0.11%"
"09/14/2023","8.1918","8.1814","8.2211","8.1579","","0.16%"
"09/13/2023","8.1785","8.1441","8.1928","8.1333","","0.55%"
"09/12/2023","8.1339","8.1420","8.1769","8.1292","","-0.05%"
"09/11/2023","8.1376","8.1366","8.1597","8.1203","","-0.07%"
"09/08/2023","8.1435","8.1582","8.1749","8.1166","","-0.14%"
"09/07/2023","8.1550","8.1506","8.1755","8.1208","","0.16%"
"09/06/2023","8.1423","8.1412","8.1660","8.1235","","0.02%"
"09/05/2023","8.1404","8.1131","8.1782","8.0875","","0.36%"
"09/04/2023","8.1114","8.1586","8.1766","8.1098","","-0.40%"
"09/01/2023","8.1437","8.1074","8.1704","8.0836","","0.52%"
"08/31/2023","8.1015","8.0302","8.1167","8.0124","","0.92%"
"08/30/2023","8.0273","8.0557","8.0716","7.9930","","-0.29%"
"08/29/2023","8.0510","8.1005","8.1333","8.0386","","-0.54%"
"08/28/2023","8.0947","8.1587","8.1774","8.0926","","-0.71%"
"08/25/2023","8.1524","8.1043","8.1730","8.0975","","0.62%"
"08/24/2023","8.1019","8.0593","8.1346","8.0177","","0.55%"
"08/23/2023","8.0575","8.0508","8.1222","8.0360","","0.12%"
"08/22/2023","8.0475","8.0762","8.0850","8.0268","","-0.17%"
"08/21/2023","8.0615","8.0978","8.1062","8.0385","","-0.31%"
"08/18/2023","8.0863","8.0486","8.1078","8.0226","","0.56%"
"08/17/2023","8.0409","8.0253","8.0626","8.0015","","0.24%"
"08/16/2023","8.0214","7.9904","8.0500","7.9725","","0.42%"
"08/15/2023","7.9879","7.9433","8.0107","7.9354","","0.60%"
"08/14/2023","7.9400","8.0080","8.0297","7.9465","","-0.80%"
"08/11/2023","8.0040","7.9321","8.0201","7.9173","","1.03%"
"08/10/2023","7.9224","7.9285","7.9613","7.8506","","0.03%"
"08/09/2023","7.9197","7.9455","7.9822","7.9156","","-0.30%"
"08/08/2023","7.9435","7.8837","7.9711","7.8745","","0.79%"
"08/07/2023","7.8809","7.8996","7.9481","7.8713","","-0.16%"
"08/04/2023","7.8936","7.9802","7.9926","7.8787","","-1.05%"
"08/03/2023","7.9776","7.9904","8.0173","7.9557","","0.02%"
"08/02/2023","7.9760","7.9324","8.0112","7.8853","","0.57%"
"08/01/2023","7.9307","7.9166","7.9665","7.8992","","0.26%"
"07/31/2023","7.9101","7.9075","7.9325","7.8764","","-0.07%"
"07/28/2023","7.9160","7.8999","7.9448","7.8693","","0.29%"
"07/27/2023","7.8933","7.8475","7.9099","7.7862","","0.69%"
"07/26/2023","7.8395","7.8115","7.8874","7.7902","","0.45%"
"07/25/2023","7.8041","7.8177","7.8632","7.7906","","-0.14%"
"07/24/2023","7.8148","7.8070","7.8449","7.7937","","0.16%"
"07/21/2023","7.8024","7.7961","7.8299","7.7806","","0.18%"
"07/20/2023","7.7886","7.7509","7.8123","7.7281","","0.57%"
"07/19/2023","7.7446","7.7255","7.7699","7.6912","","0.39%"
"07/18/2023","7.7144","7.7576","7.7722","7.6992","","-0.47%"
"07/17/2023","7.7510","7.7519","7.7763","7.6972","","0.13%"
"07/14/2023","7.7406","7.7166","7.7769","7.6902","","0.41%"
"07/13/2023","7.7087","7.8054","7.8221","7.7040","","-1.21%"
"07/12/2023","7.8034","7.9528","7.9731","7.7996","","-1.82%"
"07/11/2023","7.9481","8.0045","8.0153","7.9440","","-0.55%"
"07/10/2023","7.9920","8.0365","8.0734","7.9945","","-0.62%"
"07/07/2023","8.0416","8.0807","8.1172","8.0288","","-0.33%"
"07/06/2023","8.0685","8.0816","8.1302","8.0701","","-0.11%"
"07/05/2023","8.0770","8.0293","8.0924","8.0066","","0.82%"
"07/04/2023","8.0110","8.0240","8.0457","8.0066","","-0.03%"
"07/03/2023","8.0136","7.9841","8.0427","7.9654","","0.56%"
"06/30/2023","7.9689","8.0119","8.0419","7.9622","","-0.50%"
"06/29/2023","8.0087","7.9752","8.0424","7.9249","","0.52%"
"06/28/2023","7.9671","7.9449","7.9994","7.9277","","0.31%"
"06/27/2023","7.9423","7.9300","7.9644","7.9026","","0.19%"
"06/26/2023","7.9272","7.9288","7.9565","7.9017","","0.03%"
"06/23/2023","7.9250","7.9590","8.0003","7.9132","","-0.28%"
"06/22/2023","7.9471","7.9523","7.9749","7.9200","","0.08%"
"06/21/2023","7.9411","8.0254","8.0510","7.9395","","-1.09%"
"06/20/2023","8.0287","7.9942","8.0641","7.9797","","0.49%"
"06/19/2023","7.9897","7.9631","8.0177","7.9364","","0.49%"
"06/16/2023","7.9506","7.9416","7.9755","7.9054","","0.30%"
"06/15/2023","7.9272","7.9900","8.0161","7.9220","","-0.77%"
"06/14/2023","7.9884","7.9585","8.0407","7.9341","","0.37%"
"06/13/2023","7.9590","8.0605","8.0676","7.9503","","-1.09%"
"06/12/2023","8.0464","8.0614","8.0771","8.0037","","0.02%"
"06/09/2023","8.0449","8.0421","8.0854","8.0288","","0.08%"
"06/08/2023","8.0388","8.0845","8.0938","8.0325","","-0.40%"
"06/07/2023","8.0712","8.0942","8.1217","8.0414","","-0.25%"
"06/06/2023","8.0913","8.0475","8.1050","8.0187","","0.69%"
"06/05/2023","8.0356","7.9980","8.0817","7.9893","","0.60%"
"06/02/2023","7.9879","8.0248","8.0348","7.9459","","-0.42%"
"06/01/2023","8.0214","8.0318","8.0651","8.0119","","-0.05%"
"05/31/2023","8.0258","8.0539","8.0879","8.0147","","-0.26%"
"05/30/2023","8.0468","7.9738","8.0580","7.9727","","0.82%"
"05/29/2023","7.9816","7.9968","8.0153","7.9704","","0.07%"
"05/26/2023","7.9757","7.9917","8.0089","7.9243","","-0.18%"
"05/25/2023","7.9900","7.9453","8.0007","7.9264","","0.62%"
"05/24/2023","7.9404","7.8847","7.9535","7.8706","","0.73%"
"05/23/2023","7.8825","7.8431","7.8992","7.8208","","0.64%"
"05/22/2023","7.8325","7.8251","7.8575","7.8040","","0.17%"
"05/19/2023","7.8193","7.8372","7.8504","7.8095","","-0.11%"
"05/18/2023","7.8279","7.7835","7.8629","7.7722","","0.57%"
"05/17/2023","7.7832","7.7459","7.8114","7.7400","","0.61%"
"05/16/2023","7.7358","7.7477","7.7807","7.7223","","-0.11%"
"05/15/2023","7.7443","7.7625","7.7853","7.7309","","-0.06%"
"05/12/2023","7.7487","7.7623","7.7751","7.7127","","-0.13%"
"05/11/2023","7.7588","7.7104","7.7703","7.6965","","0.63%"
"05/10/2023","7.7101","7.6886","7.7271","7.6670","","0.32%"
"05/09/2023","7.6854","7.6722","7.6991","7.6574","","0.23%"
"05/08/2023","7.6675","7.6723","7.6969","7.6489","","0.17%"
"05/05/2023","7.6542","7.7193","7.7345","7.6590","","-0.75%"
"05/04/2023","7.7120","7.7048","7.7455","7.6940","","0.02%"
"05/03/2023","7.7102","7.7222","7.7333","7.6787","","-0.08%"
"05/02/2023","7.7161","7.7206","7.7420","7.6865","","0.11%"
"05/01/2023","7.7080","7.6891","7.7396","7.6702","","0.39%"
"04/28/2023","7.6777","7.7055","7.7438","7.6765","","-0.37%"
"04/27/2023","7.7064","7.7296","7.7487","7.7039","","-0.27%"
"04/26/2023","7.7276","7.7035","7.7531","7.6613","","0.42%"
"04/25/2023","7.6955","7.6819","7.7164","7.6575","","0.26%"
"04/24/2023","7.6757","7.7144","7.7366","7.6780","","-0.41%"
"04/21/2023","7.7075","7.7445","7.7611","7.7101","","-0.34%"
"04/20/2023","7.7339","7.7590","7.7727","7.7281","","-0.25%"
"04/19/2023","7.7536","7.7420","7.7641","7.7185","","0.19%"
"04/18/2023","7.7388","7.7596","7.7708","7.7136","","-0.18%"
"04/17/2023","7.7527","7.7699","7.7762","7.7288","","-0.17%"
"04/14/2023","7.7656","7.7693","7.8028","7.7200","","0.05%"
"04/13/2023","7.7621","7.7913","7.8128","7.7556","","-0.36%"
"04/12/2023","7.7905","7.8424","7.8578","7.7571","","-0.66%"
"04/11/2023","7.8424","7.8937","7.9014","7.8326","","-0.65%"
"04/10/2023","7.8935","7.8626","7.9195","7.8512","","0.58%"
"04/07/2023","7.8481","7.8399","7.8782","7.8221","","0.20%"
"04/06/2023","7.8323","7.8324","7.8688","7.7992","","0.18%"
"04/05/2023","7.8186","7.7513","7.8469","7.7390","","0.93%"
"04/04/2023","7.7469","7.8155","7.8338","7.7397","","-0.79%"
"04/03/2023","7.8086","7.8146","7.8337","7.7810","","0.17%"
"03/31/2023","7.7951","7.7993","7.8251","7.7729","","-0.04%"
"03/30/2023","7.7985","7.8192","7.8692","7.7818","","-0.20%"
"03/29/2023","7.8139","7.8007","7.8432","7.7878","","0.21%"
"03/28/2023","7.7972","7.7967","7.8121","7.7581","","0.07%"
"03/27/2023","7.7914","7.8298","7.8404","7.7855","","-0.18%"
"03/24/2023","7.8053","7.7916","7.8501","7.7611","","0.28%"
"03/23/2023","7.7835","7.7510","7.7984","7.7097","","0.53%"
"03/22/2023","7.7425","7.7404","7.7751","7.7030","","0.11%"
"03/21/2023","7.7341","7.7580","7.7726","7.6996","","-0.22%"
"03/20/2023","7.7508","7.8394","7.8617","7.7458","","-1.04%"
"03/17/2023","7.8322","7.8061","7.8622","7.7789","","0.45%"
"03/16/2023","7.7970","7.8358","7.8721","7.7948","","-0.37%"
"03/15/2023","7.8263","7.7884","7.8825","7.7379","","0.54%"
"03/14/2023","7.7840","7.8711","7.9118","7.7762","","-1.04%"
"03/13/2023","7.8659","7.9288","7.9863","7.8460","","-0.78%"
"03/10/2023","7.9274","7.9287","7.9562","7.8687","","0.00%"
"03/09/2023","7.9273","7.9289","7.9469","7.8903","","0.06%"
"03/08/2023","7.9227","7.9229","7.9480","7.8734","","0.08%"
"03/07/2023","7.9164","7.7687","7.9362","7.7499","","1.93%"
"03/06/2023","7.7667","7.7989","7.8148","7.7620","","-0.04%"
"03/03/2023","7.7696","7.7997","7.8149","7.7723","","-0.34%"
"03/02/2023","7.7959","7.7784","7.8092","7.7642","","0.39%"
"03/01/2023","7.7660","7.7650","7.8060","7.7361","","0.10%"
"02/28/2023","7.7583","7.7164","7.7720","7.6859","","0.57%"
"02/27/2023","7.7143","7.7771","7.7938","7.7099","","-0.77%"
"02/24/2023","7.7740","7.7713","7.7937","7.7233","","0.08%"
"02/23/2023","7.7681","7.7768","7.7948","7.7453","","-0.06%"
"02/22/2023","7.7726","7.7460","7.7860","7.7069","","0.43%"
"02/21/2023","7.7393","7.7456","7.7719","7.6911","","0.01%"
"02/20/2023","7.7388","7.8459","7.8496","7.7325","","-1.07%"
"02/17/2023","7.8226","7.8189","7.8818","7.8013","","0.18%"
"02/16/2023","7.8084","7.8010","7.8419","7.7776","","0.18%"
"02/15/2023","7.7945","7.8005","7.8286","7.7686","","0.03%"
"02/14/2023","7.7925","7.8113","7.8307","7.7398","","-0.16%"
"02/13/2023","7.8048","7.8548","7.8767","7.8033","","-0.65%"
"02/10/2023","7.8560","7.8025","7.8835","7.7702","","0.71%"
"02/09/2023","7.8005","7.9875","8.0084","7.7829","","-2.27%"
"02/08/2023","7.9817","7.9847","8.0085","7.9306","","0.00%"
"02/07/2023","7.9819","8.0038","8.0400","7.9683","","-0.22%"
"02/06/2023","7.9991","7.9580","8.0285","7.9405","","0.51%"
"02/03/2023","7.9582","7.9173","7.9791","7.8960","","0.61%"
"02/02/2023","7.9096","7.9143","7.9511","7.8815","","-0.08%"
"02/01/2023","7.9159","7.9661","7.9720","7.8987","","-0.53%"
"01/31/2023","7.9583","7.9102","7.9995","7.8994","","0.69%"
"01/30/2023","7.9037","7.8762","7.9197","7.8334","","0.70%"
"01/27/2023","7.8485","7.8251","7.8784","7.8198","","0.36%"
"01/26/2023","7.8200","7.7711","7.8632","7.7602","","0.67%"
"01/25/2023","7.7679","7.7265","7.8158","7.7211","","0.47%"
"01/24/2023","7.7318","7.7616","7.7789","7.7210","","-0.32%"
"01/23/2023","7.7564","7.8261","7.8278","7.7525","","-0.53%"
"01/20/2023","7.7981","7.8044","7.8315","7.7768","","0.01%"
"01/19/2023","7.7971","7.8257","7.8467","7.7340","","-0.33%"
"01/18/2023","7.8232","7.8934","7.9232","7.7807","","-0.84%"
"01/17/2023","7.8896","7.8899","7.9102","7.8512","","0.21%"
"01/16/2023","7.8729","7.8854","7.9080","7.8359","","-0.12%"
"01/13/2023","7.8827","7.8725","7.9044","7.8478","","0.19%"
"01/12/2023","7.8674","7.8689","7.9342","7.8368","","0.07%"
"01/11/2023","7.8622","7.8214","7.8889","7.8011","","0.57%"
"01/10/2023","7.8178","7.8211","7.8456","7.7843","","0.00%"
"01/09/2023","7.8179","7.8918","7.9019","7.7965","","-0.65%"
"01/06/2023","7.8694","7.9461","7.9798","7.8684","","-0.85%"
"01/05/2023","7.9367","7.8379","7.9549","7.8184","","1.37%"
"01/04/2023","7.8296","7.8562","7.8826","7.8174","","-0.30%"
"01/03/2023","7.8529","7.7986","7.8668","7.7794","","0.74%"
"01/02/2023","7.7953","7.7814","7.8261","7.7649","","0.39%"
"12/30/2022","7.7653","7.7860","7.8108","7.7382","","-0.18%"
"12/29/2022","7.7794","7.7634","7.7955","7.7429","","0.23%"
"12/28/2022","7.7614","7.7700","7.7918","7.7014","","-0.09%"
"12/27/2022","7.7687","7.7872","7.8081","7.7424","","-0.14%"
"12/26/2022","7.7797","7.7826","7.8271","7.7456","","-0.05%"
"12/23/2022","7.7839","7.7375","7.8036","7.7031","","0.69%"
"12/22/2022","7.7308","7.7140","7.7490","7.6696","","0.25%"
"12/21/2022","7.7117","7.7174","7.7299","7.6839","","-0.03%"
"12/20/2022","7.7142","7.6579","7.7333","7.6363","","0.98%"
"12/19/2022","7.6396","7.6526","7.6831","7.6086","","-0.24%"
"12/16/2022","7.6578","7.5999","7.6670","7.5862","","0.78%"
"12/15/2022","7.5988","7.5434","7.6305","7.5282","","0.83%"
"12/14/2022","7.5359","7.5880","7.6063","7.5367","","-0.65%"
"12/13/2022","7.5854","7.6247","7.6478","7.5317","","-0.51%"
"12/12/2022","7.6244","7.6382","7.6568","7.6073","","-0.15%"
"12/09/2022","7.6361","7.6304","7.6967","7.6051","","0.19%"
"12/08/2022","7.6215","7.6634","7.6821","7.6224","","-0.54%"
"12/07/2022","7.6627","7.6677","7.6842","7.6173","","0.07%"
"12/06/2022","7.6572","7.6606","7.6925","7.6263","","0.08%"
"12/05/2022","7.6513","7.6477","7.6842","7.6182","","0.24%"
"12/02/2022","7.6331","7.6088","7.7135","7.6019","","0.40%"
"12/01/2022","7.6028","7.7130","7.7494","7.6055","","-1.31%"
"11/30/2022","7.7034","7.6976","7.7883","7.6828","","0.12%"
"11/29/2022","7.6938","7.6542","7.7087","7.6286","","0.57%"
"11/28/2022","7.6500","7.5770","7.6581","7.5535","","1.05%"
"11/25/2022","7.5707","7.5640","7.6037","7.5518","","0.22%"
"11/24/2022","7.5538","7.5938","7.6250","7.5490","","-0.50%"
"11/23/2022","7.5919","7.7292","7.7372","7.5820","","-1.67%"
"11/22/2022","7.7209","7.7543","7.7648","7.7169","","-0.34%"
"11/21/2022","7.7472","7.7536","7.7818","7.7238","","0.31%"
"11/18/2022","7.7230","7.7217","7.7485","7.6946","","0.09%"
"11/17/2022","7.7164","7.6490","7.7427","7.6255","","0.96%"
"11/16/2022","7.6434","7.6319","7.6769","7.6084","","0.05%"
"11/15/2022","7.6395","7.6346","7.6837","7.5519","","0.13%"
"11/14/2022","7.6298","7.5573","7.6542","7.5471","","0.97%"
"11/11/2022","7.5567","7.6568","7.6887","7.5272","","-1.22%"
"11/10/2022","7.6497","7.7631","7.8069","7.6475","","-1.38%"
"11/09/2022","7.7567","7.6831","7.7733","7.6688","","1.10%"
"11/08/2022","7.6724","7.7392","7.7573","7.6673","","-0.74%"
"11/07/2022","7.7297","7.8023","7.8232","7.7010","","-0.41%"
"11/04/2022","7.7612","7.8650","7.9110","7.7572","","-1.14%"
"11/03/2022","7.8509","7.8424","7.9025","7.8176","","0.32%"
"11/02/2022","7.8261","7.7803","7.8478","7.7565","","0.62%"
"11/01/2022","7.7779","7.7949","7.8226","7.7375","","-0.06%"
"10/31/2022","7.7827","7.7993","7.8137","7.7502","","0.39%"
"10/28/2022","7.7525","7.7787","7.8085","7.7484","","-0.23%"
"10/27/2022","7.7707","7.7267","7.7917","7.7075","","0.74%"
"10/26/2022","7.7138","7.7470","7.7726","7.7153","","-0.29%"
"10/25/2022","7.7365","7.8453","7.8625","7.7334","","-1.29%"
"10/24/2022","7.8378","7.8988","7.9366","7.8390","","-0.80%"
"10/21/2022","7.9013","7.9071","7.9888","7.8923","","0.03%"
"10/20/2022","7.8988","7.8731","7.9226","7.8456","","0.49%"
"10/19/2022","7.8600","7.8070","7.8903","7.7864","","0.87%"
"10/18/2022","7.7922","7.8458","7.8638","7.7832","","-0.49%"
"10/17/2022","7.8302","7.9271","7.9543","7.8337","","-1.13%"
"10/14/2022","7.9200","7.8608","7.9685","7.8383","","0.80%"
"10/13/2022","7.8573","7.9000","7.9792","7.8295","","-0.49%"
"10/12/2022","7.8959","7.8952","7.9219","7.8641","","0.05%"
"10/11/2022","7.8922","7.8692","7.9102","7.8422","","0.49%"
"10/10/2022","7.8536","7.8182","7.8857","7.8059","","0.49%"
"10/07/2022","7.8153","7.7950","7.8491","7.7519","","0.48%"
"10/06/2022","7.7780","7.6912","7.8156","7.6680","","1.14%"
"10/05/2022","7.6904","7.6216","7.7197","7.6115","","1.02%"
"10/04/2022","7.6126","7.6904","7.7442","7.6128","","-0.97%"
"10/03/2022","7.6871","7.7431","7.7864","7.6747","","-0.26%"
"09/30/2022","7.7072","7.7842","7.8164","7.7135","","-0.89%"
"09/29/2022","7.7761","7.8010","7.8839","7.7789","","-0.27%"
"09/28/2022","7.7975","7.8969","7.9355","7.7813","","-1.18%"
"09/27/2022","7.8903","7.8982","7.9324","7.8239","","-0.08%"
"09/26/2022","7.8969","7.8949","7.9903","7.8397","","0.06%"
"09/23/2022","7.8925","7.8015","7.9185","7.7903","","1.25%"
"09/22/2022","7.7947","7.8110","7.8472","7.7435","","-0.12%"
"09/21/2022","7.8044","7.7270","7.8307","7.7130","","1.07%"
"09/20/2022","7.7217","7.6544","7.7403","7.5808","","0.97%"
"09/19/2022","7.6475","7.6486","7.6874","7.6256","","0.21%"
"09/16/2022","7.6315","7.6192","7.6801","7.6056","","0.26%"
"09/15/2022","7.6119","7.6066","7.6365","7.5830","","0.31%"
"09/14/2022","7.5886","7.6027","7.6259","7.5669","","-0.18%"
"09/13/2022","7.6022","7.5111","7.6122","7.4684","","1.29%"
"09/12/2022","7.5051","7.5822","7.5867","7.4791","","-1.23%"
"09/09/2022","7.5989","7.6241","7.6335","7.5299","","-0.24%"
"09/08/2022","7.6173","7.6234","7.6662","7.5970","","0.05%"
"09/07/2022","7.6138","7.6774","7.6980","7.6058","","-0.76%"
"09/06/2022","7.6724","7.7017","7.7168","7.6336","","-0.17%"
"09/05/2022","7.6858","7.6951","7.7469","7.6810","","0.10%"
"09/02/2022","7.6782","7.7018","7.7090","7.6417","","-0.24%"
"09/01/2022","7.6965","7.6301","7.7256","7.6163","","0.98%"
"08/31/2022","7.6217","7.6389","7.6620","7.6073","","-0.10%"
"08/30/2022","7.6295","7.6455","7.6604","7.5981","","-0.17%"
"08/29/2022","7.6425","7.6378","7.6808","7.6060","","0.02%"
"08/26/2022","7.6409","7.6158","7.6637","7.5534","","0.29%"
"08/25/2022","7.6190","7.6052","7.6399","7.5749","","0.20%"
"08/24/2022","7.6038","7.6334","7.6557","7.5963","","-0.34%"
"08/23/2022","7.6296","7.6628","7.6929","7.6022","","-0.28%"
"08/22/2022","7.6508","7.6085","7.6859","7.5800","","0.61%"
"08/19/2022","7.6044","7.5758","7.6227","7.5663","","0.42%"
"08/18/2022","7.5725","7.5177","7.5939","7.5051","","0.91%"
"08/17/2022","7.5043","7.5024","7.5320","7.4798","","0.15%"
"08/16/2022","7.4933","7.5010","7.5405","7.4869","","0.04%"
"08/15/2022","7.4900","7.4397","7.5107","7.4205","","0.89%"
"08/12/2022","7.4239","7.3458","7.4503","7.3301","","1.19%"
"08/11/2022","7.3364","7.3415","7.3587","7.3105","","-0.02%"
"08/10/2022","7.3379","7.3758","7.3914","7.3122","","-0.43%"
"08/09/2022","7.3695","7.3664","7.3849","7.3496","","0.25%"
"08/08/2022","7.3508","7.3860","7.4040","7.3512","","-0.40%"
"08/05/2022","7.3800","7.3516","7.4054","7.3359","","0.56%"
"08/04/2022","7.3386","7.3981","7.4097","7.3412","","-0.67%"
"08/03/2022","7.3882","7.4127","7.4308","7.3809","","-0.25%"
"08/02/2022","7.4069","7.3293","7.4184","7.3222","","1.04%"
"08/01/2022","7.3303","7.3716","7.3882","7.3201","","-0.16%"
"07/29/2022","7.3420","7.3959","7.4151","7.3393","","-0.66%"
"07/28/2022","7.3909","7.3907","7.4664","7.3743","","0.17%"
"07/27/2022","7.3782","7.4293","7.4648","7.3665","","-0.62%"
"07/26/2022","7.4242","7.3549","7.4408","7.3333","","1.01%"
"07/25/2022","7.3501","7.3641","7.3865","7.3212","","-0.02%"
"07/22/2022","7.3518","7.3334","7.3896","7.3214","","0.35%"
"07/21/2022","7.3264","7.3562","7.3756","7.2984","","-0.30%"
"07/20/2022","7.3488","7.3524","7.3816","7.3193","","0.06%"
"07/19/2022","7.3447","7.4438","7.4644","7.3274","","-1.26%"
"07/18/2022","7.4387","7.4932","7.5053","7.3941","","-0.48%"
"07/15/2022","7.4743","7.5396","7.5649","7.4756","","-0.71%"
"07/14/2022","7.5275","7.5132","7.6055","7.4907","","0.21%"
"07/13/2022","7.5114","7.5173","7.5557","7.4623","","0.12%"
"07/12/2022","7.5026","7.5663","7.5958","7.4942","","-0.77%"
"07/11/2022","7.5606","7.5272","7.5766","7.4857","","0.63%"
"07/08/2022","7.5134","7.5199","7.5630","7.4886","","0.03%"
"07/07/2022","7.5115","7.4974","7.5477","7.4854","","0.20%"
"07/06/2022","7.4965","7.4724","7.5286","7.4619","","0.32%"
"07/05/2022","7.4723","7.4089","7.4988","7.3748","","0.93%"
"07/04/2022","7.4036","7.3819","7.4257","7.3639","","0.42%"
"07/01/2022","7.3725","7.3563","7.4202","7.3410","","0.29%"
"06/30/2022","7.3512","7.3479","7.4243","7.3303","","0.21%"
"06/29/2022","7.3358","7.3229","7.3550","7.3029","","0.29%"
"06/28/2022","7.3144","7.2734","7.3226","7.2464","","0.70%"
"06/27/2022","7.2639","7.3122","7.3221","7.2594","","-0.62%"
"06/24/2022","7.3090","7.3186","7.3361","7.2878","","-0.04%"
"06/23/2022","7.3120","7.2769","7.3460","7.2586","","0.53%"
"06/22/2022","7.2735","7.2931","7.3351","7.2388","","-0.16%"
"06/21/2022","7.2853","7.2850","7.3079","7.2488","","0.15%"
"06/20/2022","7.2746","7.3306","7.3477","7.2750","","-0.59%"
"06/17/2022","7.3181","7.3296","7.3659","7.3090","","0.01%"
"06/16/2022","7.3174","7.3429","7.4149","7.3067","","-0.32%"
"06/15/2022","7.3410","7.3242","7.3954","7.2635","","0.40%"
"06/14/2022","7.3117","7.3113","7.3351","7.2674","","0.05%"
"06/13/2022","7.3079","7.2039","7.3288","7.1985","","1.30%"
"06/10/2022","7.2140","7.1712","7.2400","7.1592","","0.61%"
"06/09/2022","7.1706","7.1320","7.1814","7.0944","","0.51%"
"06/08/2022","7.1343","7.1249","7.1568","7.0982","","0.28%"
"06/07/2022","7.1142","7.1073","7.1606","7.0960","","0.07%"
"06/06/2022","7.1095","7.0939","7.1260","7.0795","","0.20%"
"06/03/2022","7.0952","7.0887","7.1079","7.0560","","0.37%"
"06/02/2022","7.0687","7.1652","7.1764","7.0690","","-1.24%"
"06/01/2022","7.1578","7.1253","7.1798","7.1126","","0.63%"
"05/31/2022","7.1130","7.1367","7.1769","7.1181","","-0.15%"
"05/30/2022","7.1238","7.1799","7.1925","7.1238","","-0.52%"
"05/27/2022","7.1611","7.1835","7.2032","7.1572","","-0.13%"
"05/26/2022","7.1701","7.1607","7.2158","7.1521","","0.10%"
"05/25/2022","7.1630","7.1150","7.1951","7.1072","","0.75%"
"05/24/2022","7.1100","7.1460","7.1706","7.1087","","-0.46%"
"05/23/2022","7.1428","7.2116","7.2346","7.1368","","-0.68%"
"05/20/2022","7.1918","7.1852","7.2256","7.1695","","0.23%"
"05/19/2022","7.1750","7.2255","7.2490","7.1670","","-0.55%"
"05/18/2022","7.2149","7.1661","7.2386","7.1530","","0.72%"
"05/17/2022","7.1630","7.2295","7.2485","7.1362","","-0.83%"
"05/16/2022","7.2226","7.2275","7.2445","7.2069","","0.03%"
"05/13/2022","7.2204","7.2600","7.2822","7.2088","","-0.53%"
"05/12/2022","7.2586","7.2497","7.2920","7.2290","","0.24%"
"05/11/2022","7.2412","7.2487","7.2620","7.1785","","0.14%"
"05/10/2022","7.2313","7.2552","7.2717","7.1999","","-0.24%"
"05/09/2022","7.2487","7.1804","7.2785","7.1547","","1.02%"
"05/06/2022","7.1756","7.1889","7.2236","7.1270","","-0.08%"
"05/05/2022","7.1810","7.0974","7.2040","7.0725","","1.32%"
"05/04/2022","7.0873","7.1358","7.1595","7.0780","","-0.51%"
"05/03/2022","7.1237","7.1553","7.1688","7.1079","","-0.25%"
"05/02/2022","7.1419","7.1044","7.1656","7.0729","","0.66%"
"04/29/2022","7.0951","7.1187","7.1388","7.0574","","-0.26%"
"04/28/2022","7.1134","7.1252","7.1448","7.0103","","-0.12%"
"04/27/2022","7.1221","7.1385","7.1585","7.1041","","-0.19%"
"04/26/2022","7.1359","7.0645","7.1466","7.0568","","1.05%"
"04/25/2022","7.0617","6.9394","7.0894","6.9319","","1.67%"
"04/22/2022","6.9456","6.9745","6.9984","6.9204","","-0.38%"
"04/21/2022","6.9721","6.9192","6.9906","6.8878","","0.75%"
"04/20/2022","6.9203","6.9715","6.9820","6.9085","","-0.71%"
"04/19/2022","6.9697","7.0486","7.0634","6.9679","","-1.08%"
"04/18/2022","7.0460","7.0575","7.0675","7.0267","","0.12%"
"04/15/2022","7.0376","7.0208","7.0654","7.0074","","0.30%"
"04/14/2022","7.0167","6.9541","7.0460","6.9482","","0.94%"
"04/13/2022","6.9515","6.9766","7.0108","6.9450","","-0.34%"
"04/12/2022","6.9754","6.9602","6.9876","6.9381","","0.24%"
"04/11/2022","6.9586","6.9308","6.9676","6.8849","","0.54%"
"04/08/2022","6.9215","6.9497","6.9691","6.9160","","-0.39%"
"04/07/2022","6.9484","6.9719","6.9893","6.9281","","-0.32%"
"04/06/2022","6.9705","6.9376","6.9865","6.9091","","0.54%"
"04/05/2022","6.9330","6.9443","6.9585","6.8964","","-0.09%"
"04/04/2022","6.9395","6.9065","6.9630","6.8904","","0.50%"
"04/01/2022","6.9052","6.9348","6.9419","6.8861","","-0.44%"
"03/31/2022","6.9357","6.8416","6.9429","6.8232","","1.40%"
"03/30/2022","6.8400","6.8747","6.8893","6.8308","","-0.43%"
"03/29/2022","6.8692","6.9754","6.9920","6.8254","","-1.48%"
"03/28/2022","6.9722","6.9378","7.0222","6.9211","","0.58%"
"03/25/2022","6.9323","6.9359","6.9485","6.9081","","-0.01%"
"03/24/2022","6.9330","6.9559","6.9824","6.9064","","-0.22%"
"03/23/2022","6.9483","6.9604","6.9901","6.9359","","-0.06%"
"03/22/2022","6.9527","6.9935","7.0166","6.9234","","-0.51%"
"03/21/2022","6.9884","6.9519","7.0005","6.9330","","0.64%"
"03/18/2022","6.9438","6.9562","6.9833","6.9310","","-0.14%"
"03/17/2022","6.9537","6.9251","6.9861","6.9183","","0.48%"
"03/16/2022","6.9206","7.0437","7.0790","6.9173","","-1.55%"
"03/15/2022","7.0299","7.0382","7.0635","6.9940","","-0.02%"
"03/14/2022","7.0312","7.1377","7.1796","6.9958","","-1.44%"
"03/11/2022","7.1340","7.1304","7.1803","7.0683","","0.13%"
"03/10/2022","7.1244","7.1323","7.1857","7.0826","","0.05%"
"03/09/2022","7.1211","7.2858","7.2915","7.1041","","-2.12%"
"03/08/2022","7.2750","7.3460","7.3590","7.2270","","-0.88%"
"03/07/2022","7.3399","7.2521","7.3804","7.2215","","1.24%"
"03/04/2022","7.2497","7.1771","7.3148","7.1639","","1.05%"
"03/03/2022","7.1746","7.1490","7.2089","7.1251","","0.41%"
"03/02/2022","7.1450","7.0925","7.1882","7.0798","","0.77%"
"03/01/2022","7.0901","7.0018","7.1241","6.9701","","1.30%"
"02/28/2022","6.9994","6.9942","7.1066","6.9472","","0.97%"
"02/25/2022","6.9320","7.0050","7.0486","6.9310","","-0.94%"
"02/24/2022","6.9975","6.9717","7.1016","6.9602","","0.40%"
"02/23/2022","6.9693","6.9433","6.9918","6.9155","","0.52%"
"02/22/2022","6.9334","7.0225","7.0310","6.9163","","-1.23%"
"02/21/2022","7.0195","6.9785","7.0290","6.9267","","0.58%"
"02/18/2022","6.9791","6.9560","6.9960","6.9089","","0.36%"
"02/17/2022","6.9541","6.9015","6.9794","6.8966","","0.82%"
"02/16/2022","6.8977","6.9040","6.9328","6.8788","","-0.07%"
"02/15/2022","6.9026","6.9745","6.9878","6.8843","","-0.84%"
"02/14/2022","6.9610","6.9363","7.0128","6.8949","","0.59%"
"02/11/2022","6.9199","6.9149","6.9532","6.8763","","0.17%"
"02/10/2022","6.9079","6.7944","6.9324","6.7667","","1.73%"
"02/09/2022","6.7901","6.7973","6.8101","6.7651","","-0.05%"
"02/08/2022","6.7934","6.7894","6.8224","6.7779","","0.14%"
"02/07/2022","6.7841","6.8017","6.8196","6.7787","","-0.22%"
"02/04/2022","6.7993","6.7687","6.8118","6.7476","","0.50%"
"02/03/2022","6.7654","6.8288","6.8426","6.7442","","-0.90%"
"02/02/2022","6.8266","6.8667","6.8735","6.8042","","-0.53%"
"02/01/2022","6.8630","6.8984","6.9212","6.8541","","-0.46%"
"01/31/2022","6.8947","6.9620","6.9736","6.8861","","-0.93%"
"01/28/2022","6.9596","6.9429","6.9882","6.9198","","0.40%"
"01/27/2022","6.9316","6.9091","6.9610","6.8931","","0.59%"
"01/26/2022","6.8909","6.8867","6.9341","6.8658","","0.09%"
"01/25/2022","6.8845","6.8810","6.9321","6.8670","","0.09%"
"01/24/2022","6.8786","6.8372","6.9296","6.8222","","0.70%"
"01/21/2022","6.8310","6.8499","6.8636","6.8008","","-0.20%"
"01/20/2022","6.8448","6.7610","6.8622","6.7407","","1.30%"
"01/19/2022","6.7570","6.7583","6.7792","6.7463","","-0.03%"
"01/18/2022","6.7592","6.6895","6.7776","6.6782","","1.21%"
"01/17/2022","6.6781","6.6947","6.7067","6.6662","","-0.17%"
"01/14/2022","6.6898","6.6349","6.7035","6.6210","","0.82%"
"01/13/2022","6.6357","6.6447","6.6575","6.6164","","-0.13%"
"01/12/2022","6.6443","6.6936","6.7057","6.6325","","-0.61%"
"01/11/2022","6.6853","6.7143","6.7281","6.6857","","-0.28%"
"01/10/2022","6.7043","6.6776","6.7405","6.6719","","0.53%"
"01/07/2022","6.6687","6.7263","6.7384","6.6704","","-0.69%"
"01/06/2022","6.7149","6.7123","6.7372","6.6915","","0.16%"
"01/05/2022","6.7045","6.7091","6.7342","6.6683","","0.05%"
"01/04/2022","6.7009","6.7277","6.7389","6.6927","","-0.33%"
"01/03/2022","6.7228","6.7006","6.7462","6.6908","","0.37%"
"12/31/2021","6.6982","6.6943","6.7302","6.6778","","0.47%"
"12/30/2021","6.6671","6.6774","6.7077","6.6672","","0.04%"
"12/29/2021","6.6642","6.6862","6.7116","6.6683","","-0.22%"
"12/28/2021","6.6788","6.7018","6.7336","6.6754","","-0.33%"
"12/27/2021","6.7010","6.7060","6.7396","6.6903","","0.11%"
"12/24/2021","6.6934","6.6883","6.7411","6.6707","","0.10%"
"12/23/2021","6.6864","6.6667","6.7222","6.6530","","0.38%"
"12/22/2021","6.6608","6.6943","6.7189","6.6601","","-0.45%"
"12/21/2021","6.6911","6.6923","6.7165","6.6765","","0.15%"
"12/20/2021","6.6808","6.6828","6.7080","6.6627","","0.10%"
"12/17/2021","6.6741","6.6293","6.6955","6.6091","","0.70%"
"12/16/2021","6.6279","6.6510","6.6631","6.6068","","-0.30%"
"12/15/2021","6.6476","6.6725","6.6951","6.6375","","-0.33%"
"12/14/2021","6.6695","6.6508","6.6801","6.6294","","0.40%"
"12/13/2021","6.6431","6.6395","6.6609","6.6244","","0.18%"
"12/10/2021","6.6312","6.6435","6.6765","6.6243","","-0.02%"
"12/09/2021","6.6325","6.6397","6.6623","6.6235","","-0.13%"
"12/08/2021","6.6410","6.6640","6.6991","6.6248","","-0.22%"
"12/07/2021","6.6554","6.6453","6.6810","6.6209","","0.21%"
"12/06/2021","6.6413","6.6656","6.6984","6.6294","","-0.28%"
"12/03/2021","6.6597","6.6055","6.6903","6.5992","","0.83%"
"12/02/2021","6.6051","6.6488","6.6700","6.5999","","-0.64%"
"12/01/2021","6.6478","6.6128","6.6585","6.5939","","0.58%"
"11/30/2021","6.6095","6.6241","6.6499","6.5961","","-0.18%"
"11/29/2021","6.6215","6.6803","6.6940","6.6174","","-0.60%"
"11/26/2021","6.6614","6.6448","6.7011","6.6189","","0.32%"
"11/25/2021","6.6403","6.6767","6.6823","6.6192","","-0.41%"
"11/24/2021","6.6679","6.6220","6.6846","6.6097","","0.71%"
"11/23/2021","6.6206","6.5925","6.6301","6.5711","","0.40%"
"11/22/2021","6.5943","6.5767","6.6076","6.5552","","0.30%"
"11/19/2021","6.5744","6.5356","6.5908","6.5248","","0.61%"
"11/18/2021","6.5343","6.5383","6.5525","6.5173","","0.00%"
"11/17/2021","6.5341","6.5521","6.5742","6.5122","","-0.24%"
"11/16/2021","6.5499","6.5042","6.5605","6.4847","","0.76%"
"11/15/2021","6.5007","6.4743","6.5084","6.4594","","0.48%"
"11/12/2021","6.4695","6.4275","6.4889","6.4151","","0.78%"
"11/11/2021","6.4195","6.4292","6.4447","6.4156","","-0.13%"
"11/10/2021","6.4281","6.3664","6.4413","6.3561","","1.01%"
"11/09/2021","6.3638","6.3648","6.3793","6.3390","","0.07%"
"11/08/2021","6.3595","6.3510","6.3934","6.3296","","0.26%"
"11/05/2021","6.3429","6.3574","6.3722","6.3379","","-0.21%"
"11/04/2021","6.3560","6.3355","6.3661","6.3203","","0.37%"
"11/03/2021","6.3325","6.3563","6.3748","6.3221","","-0.35%"
"11/02/2021","6.3545","6.3172","6.3665","6.3073","","0.75%"
"11/01/2021","6.3070","6.3720","6.3833","6.3108","","-0.92%"
"10/29/2021","6.3653","6.3341","6.3818","6.3253","","0.61%"
"10/28/2021","6.3267","6.3676","6.3892","6.3306","","-0.59%"
"10/27/2021","6.3643","6.3893","6.4130","6.3464","","-0.28%"
"10/26/2021","6.3820","6.3900","6.4041","6.3766","","-0.08%"
"10/25/2021","6.3872","6.3645","6.4022","6.3485","","0.57%"
"10/22/2021","6.3511","6.3847","6.4022","6.3500","","-0.48%"
"10/21/2021","6.3815","6.3926","6.4034","6.3762","","-0.06%"
"10/20/2021","6.3851","6.4105","6.4291","6.3873","","-0.34%"
"10/19/2021","6.4070","6.4140","6.4263","6.3918","","0.00%"
"10/18/2021","6.4067","6.3829","6.4282","6.3740","","0.42%"
"10/15/2021","6.3802","6.4049","6.4204","6.3797","","-0.36%"
"10/14/2021","6.4030","6.4291","6.4486","6.3821","","-0.37%"
"10/13/2021","6.4268","6.4750","6.4852","6.4229","","-0.63%"
"10/12/2021","6.4675","6.4718","6.4821","6.4462","","-0.05%"
"10/11/2021","6.4705","6.4467","6.4766","6.4338","","0.45%"
"10/08/2021","6.4416","6.4641","6.4875","6.4344","","-0.31%"
"10/07/2021","6.4614","6.4774","6.4904","6.4559","","-0.21%"
"10/06/2021","6.4751","6.4415","6.4856","6.4338","","0.53%"
"10/05/2021","6.4411","6.4330","6.4492","6.4195","","0.37%"
"10/04/2021","6.4171","6.4564","6.4639","6.4176","","-0.47%"
"10/01/2021","6.4472","6.4518","6.4699","6.4398","","-0.06%"
"09/30/2021","6.4510","6.4704","6.4771","6.4386","","-0.29%"
"09/29/2021","6.4698","6.4338","6.4753","6.4222","","0.62%"
"09/28/2021","6.4301","6.4345","6.4460","6.4227","","-0.05%"
"09/27/2021","6.4332","6.3889","6.4400","6.3780","","0.73%"
"09/24/2021","6.3866","6.3973","6.4111","6.3802","","0.01%"
"09/23/2021","6.3859","6.4223","6.4332","6.3894","","-0.52%"
"09/22/2021","6.4194","6.4197","6.4345","6.3970","","-0.04%"
"09/21/2021","6.4217","6.4157","6.4328","6.4029","","0.10%"
"09/20/2021","6.4154","6.4299","6.4645","6.4099","","-0.26%"
"09/17/2021","6.4320","6.4099","6.4458","6.3948","","0.41%"
"09/16/2021","6.4059","6.3967","6.4367","6.3870","","0.26%"
"09/15/2021","6.3894","6.4006","6.4175","6.3879","","-0.18%"
"09/14/2021","6.4012","6.4154","6.4231","6.3773","","-0.12%"
"09/13/2021","6.4089","6.4331","6.4447","6.4052","","-0.37%"
"09/10/2021","6.4324","6.4078","6.4453","6.3994","","0.44%"
"09/09/2021","6.4040","6.4104","6.4287","6.3977","","-0.10%"
"09/08/2021","6.4101","6.3819","6.4176","6.3703","","0.51%"
"09/07/2021","6.3774","6.3816","6.3935","6.3549","","-0.02%"
"09/06/2021","6.3789","6.3727","6.3932","6.3595","","0.24%"
"09/03/2021","6.3635","6.3825","6.4116","6.3629","","-0.18%"
"09/02/2021","6.3752","6.4050","6.4217","6.3780","","-0.30%"
"09/01/2021","6.3943","6.4135","6.4297","6.3955","","-0.26%"
"08/31/2021","6.4107","6.4102","6.4344","6.3858","","0.03%"
"08/30/2021","6.4089","6.4226","6.4360","6.4031","","-0.09%"
"08/27/2021","6.4144","6.4247","6.4562","6.4130","","-0.15%"
"08/26/2021","6.4241","6.4155","6.4541","6.4089","","0.13%"
"08/25/2021","6.4156","6.4185","6.4393","6.4077","","-0.03%"
"08/24/2021","6.4177","6.4279","6.4390","6.4054","","-0.12%"
"08/23/2021","6.4256","6.4650","6.4822","6.4113","","-0.61%"
"08/20/2021","6.4648","6.4434","6.4958","6.4420","","0.32%"
"08/19/2021","6.4442","6.4181","6.4593","6.4065","","0.48%"
"08/18/2021","6.4135","6.4285","6.4432","6.4003","","-0.21%"
"08/17/2021","6.4272","6.3828","6.4401","6.3646","","0.73%"
"08/16/2021","6.3808","6.3835","6.3952","6.3640","","-0.06%"
"08/13/2021","6.3847","6.3967","6.4090","6.3646","","-0.20%"
"08/12/2021","6.3976","6.4067","6.4152","6.3808","","0.00%"
"08/11/2021","6.3973","6.4139","6.4323","6.3972","","-0.09%"
"08/10/2021","6.4028","6.4187","6.4255","6.4026","","-0.21%"
"08/09/2021","6.4161","6.3952","6.4250","6.3822","","0.32%"
"08/06/2021","6.3955","6.3742","6.4051","6.3607","","0.39%"
"08/05/2021","6.3709","6.3731","6.3928","6.3636","","-0.01%"
"08/04/2021","6.3713","6.3637","6.3831","6.3551","","0.17%"
"08/03/2021","6.3608","6.3495","6.3714","6.3394","","0.16%"
"08/02/2021","6.3505","6.3491","6.3748","6.3295","","0.23%"
"07/30/2021","6.3360","6.3263","6.3647","6.3123","","0.33%"
"07/29/2021","6.3152","6.3418","6.3586","6.3138","","-0.36%"
"07/28/2021","6.3377","6.3444","6.3699","6.3155","","-0.03%"
"07/27/2021","6.3396","6.3496","6.3783","6.3228","","-0.12%"
"07/26/2021","6.3474","6.3854","6.4079","6.3435","","-0.60%"
"07/23/2021","6.3858","6.3829","6.4027","6.3726","","0.09%"
"07/22/2021","6.3798","6.3729","6.3932","6.3457","","0.16%"
"07/21/2021","6.3697","6.3741","6.3835","6.3531","","0.11%"
"07/20/2021","6.3624","6.3741","6.3868","6.3512","","-0.11%"
"07/19/2021","6.3697","6.3864","6.4127","6.3647","","-0.39%"
"07/16/2021","6.3946","6.3930","6.4098","6.3843","","0.05%"
"07/15/2021","6.3911","6.3676","6.4090","6.3609","","0.52%"
"07/14/2021","6.3581","6.3854","6.3981","6.3615","","-0.42%"
"07/13/2021","6.3847","6.3523","6.3931","6.3411","","0.54%"
"07/12/2021","6.3505","6.3400","6.3797","6.3304","","0.24%"
"07/09/2021","6.3356","6.3361","6.3724","6.3285","","-0.03%"
"07/08/2021","6.3374","6.3935","6.4035","6.3348","","-0.72%"
"07/07/2021","6.3834","6.3815","6.4066","6.3598","","0.09%"
"07/06/2021","6.3777","6.3609","6.3899","6.3426","","0.41%"
"07/05/2021","6.3514","6.3389","6.3704","6.3301","","0.20%"
"07/02/2021","6.3389","6.3595","6.3753","6.3369","","-0.31%"
"07/01/2021","6.3584","6.3575","6.3788","6.3472","","0.04%"
"06/30/2021","6.3557","6.3430","6.3889","6.3229","","0.29%"
"06/29/2021","6.3375","6.3375","6.3577","6.3298","","0.05%"
"06/28/2021","6.3343","6.3311","6.3652","6.2998","","0.32%"
"06/25/2021","6.3139","6.3087","6.3330","6.2953","","0.16%"
"06/24/2021","6.3037","6.3293","6.3423","6.2898","","0.13%"
"06/23/2021","6.2957","6.3034","6.3400","6.2912","","-0.07%"
"06/22/2021","6.2999","6.3567","6.3790","6.2984","","-0.72%"
"06/21/2021","6.3456","6.3960","6.4243","6.3456","","-0.69%"
"06/18/2021","6.3898","6.3734","6.4230","6.3412","","0.34%"
"06/17/2021","6.3683","6.3288","6.3857","6.3201","","0.68%"
"06/16/2021","6.3256","6.2706","6.3382","6.2645","","0.91%"
"06/15/2021","6.2683","6.2755","6.2915","6.2558","","-0.09%"
"06/14/2021","6.2741","6.2646","6.2913","6.2601","","0.07%"
"06/11/2021","6.2695","6.2327","6.2857","6.2273","","0.63%"
"06/10/2021","6.2304","6.2399","6.2556","6.2263","","-0.12%"
"06/09/2021","6.2376","6.2523","6.2594","6.2273","","-0.14%"
"06/08/2021","6.2462","6.2373","6.2631","6.2351","","0.06%"
"06/07/2021","6.2426","6.2585","6.2699","6.2386","","0.10%"
"06/04/2021","6.2364","6.2758","6.3081","6.2387","","-0.60%"
"06/03/2021","6.2739","6.2512","6.2845","6.2424","","0.41%"
"06/02/2021","6.2483","6.2565","6.2737","6.2399","","-0.03%"
"06/01/2021","6.2501","6.2790","6.2914","6.2366","","-0.43%"
"05/31/2021","6.2768","6.2930","6.3021","6.2641","","0.02%"
"05/28/2021","6.2757","6.2498","6.3101","6.2445","","0.46%"
"05/27/2021","6.2468","6.2749","6.2994","6.2389","","-0.42%"
"05/26/2021","6.2731","6.2289","6.2825","6.2237","","0.74%"
"05/25/2021","6.2270","6.2649","6.2741","6.2205","","-0.43%"
"05/24/2021","6.2542","6.2450","6.2687","6.2339","","0.14%"
"05/21/2021","6.2453","6.2387","6.2642","6.2186","","0.18%"
"05/20/2021","6.2340","6.2601","6.2784","6.2329","","-0.33%"
"05/19/2021","6.2544","6.2278","6.2698","6.2178","","0.46%"
"05/18/2021","6.2260","6.2385","6.2605","6.2210","","-0.16%"
"05/17/2021","6.2358","6.2737","6.2776","6.2318","","-0.28%"
"05/14/2021","6.2531","6.2990","6.3199","6.2464","","-0.71%"
"05/13/2021","6.2980","6.3194","6.3306","6.2917","","-0.27%"
"05/12/2021","6.3148","6.2766","6.3349","6.2604","","0.65%"
"05/11/2021","6.2743","6.2941","6.3098","6.2590","","-0.19%"
"05/10/2021","6.2863","6.2723","6.3092","6.2594","","0.29%"
"05/07/2021","6.2684","6.3187","6.3413","6.2635","","-0.73%"
"05/06/2021","6.3144","6.3559","6.3647","6.3155","","-0.53%"
"05/05/2021","6.3481","6.3479","6.3814","6.3352","","0.04%"
"05/04/2021","6.3454","6.3273","6.3734","6.3149","","0.35%"
"05/03/2021","6.3230","6.3639","6.3733","6.3223","","-0.63%"
"04/30/2021","6.3634","6.3190","6.3753","6.2990","","0.87%"
"04/29/2021","6.3088","6.2930","6.3386","6.2813","","0.30%"
"04/28/2021","6.2902","6.3156","6.3362","6.2873","","-0.36%"
"04/27/2021","6.3131","6.3254","6.3540","6.3083","","-0.07%"
"04/26/2021","6.3176","6.3204","6.3529","6.3022","","0.07%"
"04/23/2021","6.3132","6.3433","6.3813","6.3133","","-0.38%"
"04/22/2021","6.3375","6.3294","6.3727","6.3158","","0.27%"
"04/21/2021","6.3202","6.3485","6.3737","6.3226","","-0.37%"
"04/20/2021","6.3436","6.3106","6.3535","6.3028","","0.56%"
"04/19/2021","6.3081","6.3264","6.3574","6.2940","","-0.10%"
"04/16/2021","6.3143","6.3331","6.3569","6.3086","","-0.25%"
"04/15/2021","6.3303","6.3373","6.3748","6.3167","","-0.07%"
"04/14/2021","6.3345","6.3454","6.3670","6.3268","","-0.13%"
"04/13/2021","6.3430","6.3932","6.4050","6.3448","","-0.75%"
"04/12/2021","6.3910","6.3779","6.4019","6.3614","","0.50%"
"04/09/2021","6.3590","6.3700","6.3941","6.3587","","-0.09%"
"04/08/2021","6.3645","6.4328","6.4454","6.3624","","-1.02%"
"04/07/2021","6.4304","6.4317","6.4453","6.4176","","-0.02%"
"04/06/2021","6.4318","6.4866","6.5041","6.4270","","-0.82%"
"04/05/2021","6.4852","6.4730","6.5145","6.4583","","0.21%"
"04/02/2021","6.4718","6.4728","6.4979","6.4664","","-0.09%"
"04/01/2021","6.4779","6.4931","6.5075","6.4703","","-0.17%"
"03/31/2021","6.4889","6.4809","6.5010","6.4725","","0.16%"
"03/30/2021","6.4785","6.4499","6.5007","6.4343","","0.51%"
"03/29/2021","6.4456","6.4234","6.4626","6.4117","","0.39%"
"03/26/2021","6.4203","6.4135","6.4453","6.3999","","0.10%"
"03/25/2021","6.4138","6.3973","6.4314","6.3789","","0.37%"
"03/24/2021","6.3903","6.3903","6.4124","6.3737","","0.03%"
"03/23/2021","6.3884","6.3405","6.3998","6.3287","","0.68%"
"03/22/2021","6.3455","6.3702","6.3895","6.3400","","-0.27%"
"03/19/2021","6.3626","6.3404","6.3846","6.3183","","0.37%"
"03/18/2021","6.3390","6.3100","6.3544","6.2948","","0.50%"
"03/17/2021","6.3072","6.3176","6.3393","6.2996","","-0.14%"
"03/16/2021","6.3159","6.3280","6.3566","6.3032","","-0.12%"
"03/15/2021","6.3234","6.3146","6.3548","6.2986","","0.32%"
"03/12/2021","6.3031","6.3065","6.3412","6.2968","","-0.02%"
"03/11/2021","6.3042","6.3088","6.3367","6.2963","","-0.04%"
"03/10/2021","6.3065","6.3257","6.3580","6.3066","","-0.11%"
"03/09/2021","6.3132","6.3561","6.3677","6.3169","","-0.67%"
"03/08/2021","6.3561","6.3545","6.3762","6.3395","","0.04%"
"03/05/2021","6.3536","6.3502","6.3844","6.3389","","0.08%"
"03/04/2021","6.3483","6.3211","6.3609","6.3053","","0.47%"
"03/03/2021","6.3188","6.2985","6.3249","6.2846","","0.41%"
"03/02/2021","6.2930","6.3434","6.3621","6.2951","","-0.80%"
"03/01/2021","6.3435","6.3384","6.3780","6.3174","","0.18%"
"02/26/2021","6.3319","6.2677","6.3447","6.2389","","1.20%"
"02/25/2021","6.2571","6.2720","6.2836","6.2302","","-0.20%"
"02/24/2021","6.2697","6.2708","6.3089","6.2568","","0.00%"
"02/23/2021","6.2696","6.2559","6.2950","6.2434","","0.16%"
"02/22/2021","6.2596","6.2510","6.2741","6.2325","","0.16%"
"02/19/2021","6.2494","6.2674","6.2864","6.2366","","-0.28%"
"02/18/2021","6.2668","6.2696","6.2867","6.2524","","0.03%"
"02/17/2021","6.2647","6.2410","6.2807","6.2323","","0.33%"
"02/16/2021","6.2443","6.2607","6.2694","6.2372","","-0.03%"
"02/15/2021","6.2460","6.2705","6.2794","6.2466","","-0.25%"
"02/12/2021","6.2615","6.2842","6.3036","6.2617","","-0.28%"
"02/11/2021","6.2792","6.2701","6.2980","6.2628","","0.14%"
"02/10/2021","6.2706","6.2744","6.2865","6.2450","","0.01%"
"02/09/2021","6.2698","6.2926","6.3121","6.2712","","-0.33%"
"02/08/2021","6.2904","6.2865","6.3097","6.2655","","0.46%"
"02/05/2021","6.2613","6.3294","6.3446","6.2627","","-1.06%"
"02/04/2021","6.3282","6.3046","6.3390","6.2952","","0.43%"
"02/03/2021","6.3014","6.3005","6.3302","6.2950","","0.04%"
"02/02/2021","6.2987","6.3222","6.3428","6.2952","","-0.32%"
"02/01/2021","6.3191","6.2718","6.3359","6.2539","","0.49%"
"01/29/2021","6.2882","6.2704","6.3074","6.2461","","0.64%"
"01/28/2021","6.2481","6.2874","6.3102","6.2552","","-0.57%"
"01/27/2021","6.2837","6.2658","6.3129","6.2537","","0.32%"
"01/26/2021","6.2635","6.2396","6.2938","6.2293","","0.51%"
"01/25/2021","6.2315","6.2470","6.2804","6.2197","","-0.19%"
"01/22/2021","6.2431","6.2524","6.2670","6.2325","","-0.15%"
"01/21/2021","6.2526","6.3096","6.3166","6.2481","","-0.64%"
"01/20/2021","6.2931","6.2801","6.3246","6.2603","","0.27%"
"01/19/2021","6.2759","6.3003","6.3231","6.2581","","-0.17%"
"01/18/2021","6.2868","6.3051","6.3398","6.2875","","-0.32%"
"01/15/2021","6.3069","6.2721","6.3214","6.2533","","0.58%"
"01/14/2021","6.2706","6.2927","6.3094","6.2585","","-0.33%"
"01/13/2021","6.2913","6.2330","6.3063","6.2195","","0.98%"
"01/12/2021","6.2302","6.2396","6.2589","6.2208","","-0.14%"
"01/11/2021","6.2391","6.2150","6.2573","6.2030","","0.65%"
"01/08/2021","6.1985","6.1813","6.2288","6.1705","","0.51%"
"01/07/2021","6.1669","6.1982","6.2394","6.1718","","-0.43%"
"01/06/2021","6.1937","6.2071","6.2217","6.1713","","-0.11%"
"01/05/2021","6.2003","6.2495","6.2647","6.1993","","-0.59%"
"01/04/2021","6.2372","6.2222","6.2617","6.1926","","0.48%"
"01/01/2021","6.2072","6.2271","6.2318","6.2114","","-0.14%"
"12/31/2020","6.2158","6.1962","6.2421","6.1650","","0.36%"
"12/30/2020","6.1934","6.1844","6.2039","6.1583","","0.34%"
"12/29/2020","6.1723","6.2222","6.2499","6.1616","","-0.55%"
"12/28/2020","6.2063","6.2228","6.2530","6.1866","","0.19%"
"12/25/2020","6.1944","6.2148","6.2362","6.1912","","-0.16%"
"12/24/2020","6.2042","6.2369","6.2639","6.2031","","-0.19%"
"12/23/2020","6.2162","6.2513","6.2607","6.2108","","-0.50%"
"12/22/2020","6.2472","6.1884","6.2604","6.1747","","1.11%"
"12/21/2020","6.1785","6.2316","6.2993","6.1828","","-0.60%"
"12/18/2020","6.2161","6.2387","6.2615","6.2123","","-0.30%"
"12/17/2020","6.2350","6.2863","6.2977","6.2201","","-0.79%"
"12/16/2020","6.2845","6.2914","6.3126","6.2628","","0.08%"
"12/15/2020","6.2796","6.3006","6.3178","6.2756","","-0.19%"
"12/14/2020","6.2917","6.3155","6.3386","6.2786","","-0.47%"
"12/11/2020","6.3215","6.3239","6.3555","6.3050","","0.01%"
"12/10/2020","6.3209","6.3478","6.3598","6.3058","","-0.34%"
"12/09/2020","6.3425","6.3353","6.3664","6.3153","","0.17%"
"12/08/2020","6.3320","6.2825","6.3476","6.2729","","0.94%"
"12/07/2020","6.2728","6.3249","6.3652","6.2562","","-0.79%"
"12/04/2020","6.3227","6.3169","6.3540","6.3136","","0.03%"
"12/03/2020","6.3205","6.3307","6.3590","6.3131","","-0.07%"
"12/02/2020","6.3251","6.3415","6.3752","6.3246","","-0.21%"
"12/01/2020","6.3387","6.3877","6.4085","6.3314","","-0.78%"
"11/30/2020","6.3883","6.3384","6.4037","6.3151","","0.72%"
"11/27/2020","6.3424","6.3678","6.3835","6.3342","","-0.38%"
"11/26/2020","6.3668","6.3418","6.3878","6.3329","","0.57%"
"11/25/2020","6.3308","6.3683","6.3936","6.3339","","-0.44%"
"11/24/2020","6.3585","6.4154","6.4425","6.3587","","-0.95%"
"11/23/2020","6.4196","6.4149","6.4411","6.3962","","0.09%"
"11/20/2020","6.4136","6.3935","6.4281","6.3855","","0.33%"
"11/19/2020","6.3923","6.4113","6.4306","6.3851","","-0.20%"
"11/18/2020","6.4049","6.4276","6.4393","6.3960","","-0.14%"
"11/17/2020","6.4138","6.4043","6.4450","6.3930","","0.30%"
"11/16/2020","6.3945","6.4544","6.4674","6.3994","","-0.66%"
"11/13/2020","6.4371","6.4099","6.4660","6.3825","","0.54%"
"11/12/2020","6.4024","6.3983","6.4234","6.3741","","0.23%"
"11/11/2020","6.3874","6.3925","6.4346","6.3799","","0.02%"
"11/10/2020","6.3863","6.4035","6.4327","6.3710","","-0.16%"
"11/09/2020","6.3965","6.4041","6.4434","6.3765","","-0.06%"
"11/06/2020","6.4004","6.4420","6.4869","6.4000","","-0.61%"
"11/05/2020","6.4394","6.4667","6.4893","6.4131","","-0.38%"
"11/04/2020","6.4638","6.4889","6.5413","6.4589","","-0.33%"
"11/03/2020","6.4851","6.5246","6.5448","6.4844","","-0.56%"
"11/02/2020","6.5219","6.5207","6.5599","6.4962","","0.34%"
"10/30/2020","6.5000","6.5352","6.5578","6.4872","","-0.50%"
"10/29/2020","6.5329","6.4812","6.5446","6.4665","","1.08%"
"10/28/2020","6.4634","6.4090","6.4941","6.4032","","0.83%"
"10/27/2020","6.4099","6.4225","6.4451","6.3933","","-0.17%"
"10/26/2020","6.4206","6.4564","6.4682","6.4158","","-0.34%"
"10/23/2020","6.4422","6.4608","6.4798","6.4347","","-0.24%"
"10/22/2020","6.4580","6.4476","6.4935","6.4309","","0.30%"
"10/21/2020","6.4390","6.4443","6.4597","6.4214","","0.00%"
"10/20/2020","6.4390","6.4994","6.5157","6.4387","","-0.87%"
"10/19/2020","6.4957","6.5123","6.5608","6.4713","","-0.27%"
"10/16/2020","6.5134","6.5243","6.5508","6.4880","","-0.15%"
"10/15/2020","6.5231","6.5009","6.5391","6.4819","","0.41%"
"10/14/2020","6.4965","6.4922","6.5129","6.4811","","0.22%"
"10/13/2020","6.4822","6.4932","6.5108","6.4475","","0.13%"
"10/12/2020","6.4740","6.5187","6.5285","6.4719","","-0.20%"
"10/09/2020","6.4868","6.5235","6.5461","6.4833","","-0.50%"
"10/08/2020","6.5193","6.5371","6.5472","6.5129","","-0.11%"
"10/07/2020","6.5267","6.5713","6.5976","6.5254","","-0.33%"
"10/06/2020","6.5486","6.5443","6.5870","6.5268","","0.09%"
"10/05/2020","6.5429","6.5479","6.5807","6.5135","","-0.11%"
"10/02/2020","6.5500","6.5415","6.5662","6.5187","","0.17%"
"10/01/2020","6.5392","6.5585","6.5966","6.5314","","-0.26%"
"09/30/2020","6.5565","6.5507","6.6107","6.5311","","0.20%"
"09/29/2020","6.5435","6.5901","6.6088","6.5433","","-0.53%"
"09/28/2020","6.5782","6.6244","6.6498","6.5672","","-0.67%"
"09/25/2020","6.6223","6.6163","6.6563","6.6023","","0.30%"
"09/24/2020","6.6023","6.5696","6.6417","6.5521","","0.78%"
"09/23/2020","6.5510","6.5303","6.5783","6.5159","","0.36%"
"09/22/2020","6.5276","6.4953","6.5310","6.4858","","0.59%"
"09/21/2020","6.4896","6.4318","6.5174","6.4215","","0.92%"
"09/18/2020","6.4302","6.4655","6.4847","6.4297","","-0.43%"
"09/17/2020","6.4580","6.4853","6.5104","6.4583","","-0.23%"
"09/16/2020","6.4727","6.4599","6.4939","6.4521","","0.24%"
"09/15/2020","6.4571","6.4257","6.4641","6.4184","","0.53%"
"09/14/2020","6.4230","6.4192","6.4436","6.3950","","0.24%"
"09/11/2020","6.4075","6.4063","6.4324","6.3877","","0.21%"
"09/10/2020","6.3940","6.4014","6.4205","6.3696","","-0.05%"
"09/09/2020","6.3972","6.4440","6.4623","6.3934","","-0.68%"
"09/08/2020","6.4410","6.4194","6.4468","6.4071","","0.36%"
"09/07/2020","6.4177","6.4311","6.4440","6.3821","","0.41%"
"09/04/2020","6.3918","6.4026","6.4337","6.3840","","-0.09%"
"09/03/2020","6.3974","6.3966","6.4295","6.3923","","0.13%"
"09/02/2020","6.3890","6.3794","6.4125","6.3675","","0.27%"
"09/01/2020","6.3721","6.3562","6.3939","6.3353","","0.29%"
"08/31/2020","6.3537","6.3701","6.3837","6.3285","","0.04%"
"08/28/2020","6.3513","6.3864","6.4050","6.3331","","-0.42%"
"08/27/2020","6.3783","6.3851","6.4131","6.3547","","0.01%"
"08/26/2020","6.3774","6.3987","6.4352","6.3784","","-0.30%"
"08/25/2020","6.3965","6.4160","6.4345","6.3795","","-0.24%"
"08/24/2020","6.4116","6.4120","6.4267","6.3874","","-0.01%"
"08/21/2020","6.4125","6.3666","6.4283","6.3565","","0.76%"
"08/20/2020","6.3641","6.3507","6.4033","6.3280","","0.42%"
"08/19/2020","6.3375","6.3385","6.3667","6.3232","","0.02%"
"08/18/2020","6.3360","6.3530","6.3663","6.3147","","-0.22%"
"08/17/2020","6.3502","6.3395","6.3660","6.3231","","0.29%"
"08/14/2020","6.3318","6.3344","6.3595","6.3201","","0.12%"
"08/13/2020","6.3240","6.3347","6.3471","6.3088","","-0.19%"
"08/12/2020","6.3361","6.3773","6.4009","6.3233","","-0.54%"
"08/11/2020","6.3705","6.3773","6.3883","6.3505","","0.06%"
"08/10/2020","6.3664","6.3696","6.3896","6.3496","","-0.06%"
"08/07/2020","6.3703","6.3390","6.3915","6.3275","","0.41%"
"08/06/2020","6.3441","6.3274","6.3638","6.3042","","0.29%"
"08/05/2020","6.3255","6.3491","6.3670","6.3207","","-0.34%"
"08/04/2020","6.3469","6.3562","6.3768","6.3359","","-0.06%"
"08/03/2020","6.3504","6.3818","6.4055","6.3502","","-0.39%"
"07/31/2020","6.3753","6.3465","6.3976","6.3096","","0.69%"
"07/30/2020","6.3317","6.3444","6.3941","6.3299","","-0.18%"
"07/29/2020","6.3431","6.3596","6.3821","6.3382","","-0.24%"
"07/28/2020","6.3585","6.3350","6.3720","6.3222","","0.57%"
"07/27/2020","6.3222","6.4053","6.4100","6.3239","","-0.83%"
"07/24/2020","6.3751","6.3958","6.4235","6.3601","","-0.27%"
"07/23/2020","6.3926","6.3917","6.4351","6.3737","","0.05%"
"07/22/2020","6.3897","6.4188","6.4338","6.3807","","-0.44%"
"07/21/2020","6.4182","6.4666","6.4795","6.4080","","-0.38%"
"07/20/2020","6.4430","6.5218","6.5289","6.4508","","-0.81%"
"07/17/2020","6.4956","6.5293","6.5378","6.4802","","-0.45%"
"07/16/2020","6.5249","6.5281","6.5511","6.5009","","0.02%"
"07/15/2020","6.5234","6.5423","6.5601","6.5075","","-0.09%"
"07/14/2020","6.5296","6.6153","6.6250","6.5290","","-1.26%"
"07/13/2020","6.6127","6.6111","6.6353","6.5771","","0.20%"
"07/10/2020","6.5993","6.6331","6.6564","6.5936","","-0.49%"
"07/09/2020","6.6315","6.6144","6.6462","6.5725","","0.59%"
"07/08/2020","6.5928","6.6418","6.6471","6.5851","","-0.68%"
"07/07/2020","6.6382","6.6447","6.6733","6.6191","","0.01%"
"07/06/2020","6.6374","6.6922","6.7162","6.6350","","-0.46%"
"07/03/2020","6.6681","6.6848","6.7046","6.6655","","-0.10%"
"07/02/2020","6.6745","6.6785","6.6972","6.6341","","-0.04%"
"07/01/2020","6.6770","6.6909","6.7195","6.6638","","-0.12%"
"06/30/2020","6.6849","6.6940","6.7203","6.6587","","-0.11%"
"06/29/2020","6.6925","6.6985","6.7253","6.6599","","0.00%"
"06/26/2020","6.6928","6.6906","6.7533","6.6815","","-0.01%"
"06/25/2020","6.6935","6.7208","6.7541","6.6901","","-0.29%"
"06/24/2020","6.7129","6.6800","6.7300","6.6569","","0.53%"
"06/23/2020","6.6777","6.7288","6.7598","6.6628","","-0.73%"
"06/22/2020","6.7270","6.7623","6.7821","6.7143","","-0.66%"
"06/19/2020","6.7720","6.7606","6.7976","6.7387","","0.16%"
"06/18/2020","6.7610","6.7036","6.7753","6.6690","","1.17%"
"06/17/2020","6.6827","6.7224","6.7523","6.6845","","-0.35%"
"06/16/2020","6.7061","6.6714","6.7466","6.6501","","0.53%"
"06/15/2020","6.6710","6.6905","6.7510","6.6659","","-0.31%"
"06/12/2020","6.6915","6.6874","6.7340","6.6475","","0.06%"
"06/11/2020","6.6876","6.6374","6.7031","6.6206","","0.81%"
"06/10/2020","6.6341","6.6150","6.6793","6.5992","","0.49%"
"06/09/2020","6.6016","6.6280","6.6733","6.5918","","-0.40%"
"06/08/2020","6.6283","6.5724","6.6409","6.5686","","0.81%"
"06/05/2020","6.5753","6.5758","6.6217","6.5603","","0.10%"
"06/04/2020","6.5686","6.6417","6.6691","6.5528","","-1.05%"
"06/03/2020","6.6381","6.6635","6.6866","6.6274","","-0.32%"
"06/02/2020","6.6593","6.6533","6.6861","6.6420","","0.27%"
"06/01/2020","6.6416","6.6826","6.7013","6.6411","","-0.32%"
"05/29/2020","6.6632","6.7118","6.7316","6.6495","","-0.70%"
"05/28/2020","6.7100","6.7723","6.8007","6.6997","","-0.60%"
"05/27/2020","6.7504","6.7919","6.8211","6.7537","","-0.45%"
"05/26/2020","6.7808","6.7874","6.8105","6.7747","","-0.06%"
"05/25/2020","6.7846","6.7880","6.8080","6.7719","","0.31%"
"05/22/2020","6.7639","6.7832","6.8356","6.7677","","-0.17%"
"05/21/2020","6.7757","6.7878","6.8039","6.7584","","-0.03%"
"05/20/2020","6.7775","6.8373","6.8485","6.7687","","-0.86%"
"05/19/2020","6.8364","6.8416","6.8590","6.8035","","-0.03%"
"05/18/2020","6.8382","6.8923","6.9338","6.8337","","-1.02%"
"05/15/2020","6.9089","6.8879","6.9346","6.8745","","0.35%"
"05/14/2020","6.8850","6.9100","6.9458","6.8829","","-0.30%"
"05/13/2020","6.9057","6.8960","6.9227","6.8693","","0.35%"
"05/12/2020","6.8818","6.9698","6.9912","6.8581","","-1.18%"
"05/11/2020","6.9640","6.9215","6.9869","6.8986","","0.95%"
"05/08/2020","6.8984","6.9328","6.9611","6.8955","","-0.53%"
"05/07/2020","6.9349","6.9307","6.9557","6.9117","","0.12%"
"05/06/2020","6.9265","6.9483","6.9861","6.9174","","-0.19%"
"05/05/2020","6.9394","6.9545","7.0039","6.9265","","-0.18%"
"05/04/2020","6.9522","6.9332","7.0122","6.9218","","-0.03%"
"05/01/2020","6.9541","6.9165","6.9711","6.9021","","0.60%"
"04/30/2020","6.9124","6.9750","6.9999","6.9096","","-0.84%"
"04/29/2020","6.9710","6.9859","7.0155","6.9592","","-0.03%"
"04/28/2020","6.9732","7.0693","7.0841","6.9563","","-1.09%"
"04/27/2020","7.0504","7.0455","7.1040","7.0273","","0.29%"
"04/24/2020","7.0298","7.0670","7.1065","7.0371","","-0.48%"
"04/23/2020","7.0639","7.0717","7.1140","7.0452","","-0.06%"
"04/22/2020","7.0682","7.0519","7.0943","7.0354","","0.31%"
"04/21/2020","7.0464","7.0522","7.0858","7.0293","","0.08%"
"04/20/2020","7.0405","7.0261","7.0700","7.0085","","0.41%"
"04/17/2020","7.0120","7.0272","7.0675","7.0076","","-0.11%"
"04/16/2020","7.0197","7.0457","7.0658","6.9946","","-0.12%"
"04/15/2020","7.0284","7.0369","7.0761","6.9943","","-0.13%"
"04/14/2020","7.0378","7.0752","7.0848","7.0079","","-0.30%"
"04/13/2020","7.0588","7.0334","7.0875","7.0007","","0.64%"
"04/10/2020","7.0141","7.0243","7.0533","7.0095","","-0.08%"
"04/09/2020","7.0196","7.0651","7.0949","7.0023","","-0.52%"
"04/08/2020","7.0563","7.0580","7.0907","7.0203","","0.05%"
"04/07/2020","7.0527","7.0750","7.0870","6.9928","","-0.16%"
"04/06/2020","7.0640","7.0735","7.1137","7.0432","","0.18%"
"04/03/2020","7.0510","7.0608","7.1077","7.0389","","0.14%"
"04/02/2020","7.0411","6.9785","7.1144","6.9597","","1.32%"
"04/01/2020","6.9497","6.9696","7.0324","6.9202","","0.04%"
"03/31/2020","6.9466","7.0474","7.1140","6.9458","","-1.39%"
"03/30/2020","7.0446","6.9405","7.0776","6.9146","","1.57%"
"03/27/2020","6.9358","6.9658","7.0233","6.8928","","-0.40%"
"03/26/2020","6.9640","6.9886","7.0334","6.9116","","0.10%"
"03/25/2020","6.9573","7.0092","7.0575","6.9373","","-0.46%"
"03/24/2020","6.9893","7.1038","7.1341","6.9896","","-1.05%"
"03/23/2020","7.0636","7.1625","7.2110","6.9938","","-1.33%"
"03/20/2020","7.1590","7.1523","7.1899","7.0634","","0.15%"
"03/19/2020","7.1486","7.1117","7.2175","7.0735","","0.59%"
"03/18/2020","7.1065","6.9262","7.1727","6.8853","","2.66%"
"03/17/2020","6.9225","6.8850","7.0093","6.8454","","0.59%"
"03/16/2020","6.8818","6.8843","6.9527","6.7706","","0.28%"
"03/13/2020","6.8623","6.8977","6.9426","6.7877","","-0.46%"
"03/12/2020","6.8942","6.8217","7.0044","6.7878","","1.10%"
"03/11/2020","6.8194","6.8431","6.8513","6.7909","","-0.31%"
"03/10/2020","6.8404","6.8204","6.8608","6.7859","","0.33%"
"03/09/2020","6.8178","6.8130","6.8375","6.7241","","0.11%"
"03/06/2020","6.8102","6.8198","6.8355","6.7715","","-0.14%"
"03/05/2020","6.8196","6.8449","6.8527","6.8116","","-0.34%"
"03/04/2020","6.8431","6.8204","6.8773","6.8057","","0.41%"
"03/03/2020","6.8149","6.8604","6.8787","6.7529","","-0.61%"
"03/02/2020","6.8566","6.9146","6.9198","6.8281","","-0.40%"
"02/28/2020","6.8842","6.9238","6.9922","6.8870","","-0.53%"
"02/27/2020","6.9209","6.9667","6.9687","6.9034","","-0.62%"
"02/26/2020","6.9644","6.9454","6.9780","6.9412","","0.31%"
"02/25/2020","6.9430","6.9527","6.9775","6.9390","","-0.12%"
"02/24/2020","6.9514","6.9444","6.9880","6.9444","","0.12%"
"02/21/2020","6.9429","7.0031","7.0166","6.9387","","-0.80%"
"02/20/2020","6.9991","7.0182","7.0223","6.9631","","-0.24%"
"02/19/2020","7.0156","7.0285","7.0531","7.0113","","-0.15%"
"02/18/2020","7.0262","6.9745","7.0296","6.9692","","0.78%"
"02/17/2020","6.9721","6.9872","7.0093","6.9720","","-0.16%"
"02/14/2020","6.9830","6.9613","6.9876","6.9549","","0.34%"
"02/13/2020","6.9592","6.9479","6.9787","6.9342","","0.20%"
"02/12/2020","6.9452","6.9516","6.9575","6.9352","","-0.06%"
"02/11/2020","6.9492","6.9521","6.9727","6.9429","","0.01%"
"02/10/2020","6.9483","6.9524","6.9680","6.9355","","-0.02%"
"02/07/2020","6.9497","6.9447","6.9558","6.9076","","0.11%"
"02/06/2020","6.9424","6.9377","6.9612","6.9110","","0.09%"
"02/05/2020","6.9363","6.9967","7.0001","6.9163","","-0.86%"
"02/04/2020","6.9967","7.0490","7.0524","6.9954","","-0.71%"
"02/03/2020","7.0469","7.0520","7.0673","7.0270","","-0.05%"
"01/31/2020","7.0505","7.0760","7.0971","7.0451","","-0.34%"
"01/30/2020","7.0743","7.0710","7.0911","7.0525","","0.11%"
"01/29/2020","7.0662","7.0769","7.0861","7.0545","","-0.09%"
"01/28/2020","7.0729","7.0879","7.1021","7.0712","","-0.18%"
"01/27/2020","7.0860","7.0802","7.1003","7.0607","","0.19%"
"01/24/2020","7.0729","7.0524","7.0914","7.0495","","0.30%"
"01/23/2020","7.0518","7.0432","7.0680","7.0349","","0.15%"
"01/22/2020","7.0413","7.0571","7.0679","7.0398","","-0.21%"
"01/21/2020","7.0560","7.0680","7.0719","7.0338","","-0.12%"
"01/20/2020","7.0645","7.0623","7.0754","7.0543","","0.03%"
"01/17/2020","7.0624","7.0436","7.0690","7.0399","","0.30%"
"01/16/2020","7.0412","7.0303","7.0531","7.0196","","0.17%"
"01/15/2020","7.0289","7.0262","7.0421","7.0101","","0.06%"
"01/14/2020","7.0249","7.0291","7.0358","7.0123","","-0.02%"
"01/13/2020","7.0261","7.0430","7.0729","7.0216","","-0.23%"
"01/10/2020","7.0420","7.0216","7.0545","7.0171","","0.32%"
"01/09/2020","7.0192","7.0020","7.0296","6.9931","","0.27%"
"01/08/2020","7.0001","7.0047","7.0171","6.9780","","0.02%"
"01/07/2020","6.9984","6.9676","7.0110","6.9624","","0.48%"
"01/06/2020","6.9652","6.9639","6.9880","6.9552","","0.08%"
"01/03/2020","6.9596","6.9480","7.0068","6.9401","","0.18%"
"01/02/2020","6.9472","6.9633","6.9659","6.9202","","-0.21%"
"01/01/2020","6.9618","6.9653","6.9663","6.9518","","0.05%"
"12/31/2019","6.9580","6.9320","6.9732","6.9078","","0.42%"
"12/30/2019","6.9291","6.9011","6.9376","6.8906","","0.48%"
"12/27/2019","6.8961","6.9513","6.9577","6.8951","","-0.76%"
"12/26/2019","6.9489","6.9256","6.9751","6.9233","","0.39%"
"12/25/2019","6.9217","6.9471","6.9571","6.9190","","-0.33%"
"12/24/2019","6.9447","6.9570","6.9696","6.9402","","-0.14%"
"12/23/2019","6.9541","6.9409","6.9664","6.9271","","0.21%"
"12/20/2019","6.9397","6.9425","6.9574","6.9276","","-0.01%"
"12/19/2019","6.9405","6.9524","6.9690","6.9235","","-0.15%"
"12/18/2019","6.9508","6.9247","6.9556","6.9177","","0.42%"
"12/17/2019","6.9216","6.9114","6.9349","6.9024","","0.18%"
"12/16/2019","6.9090","6.9384","6.9385","6.8945","","-0.43%"
"12/13/2019","6.9386","6.9342","6.9493","6.8872","","0.10%"
"12/12/2019","6.9315","6.9207","6.9456","6.9051","","0.19%"
"12/11/2019","6.9186","6.9931","6.9951","6.9108","","-1.04%"
"12/10/2019","6.9915","7.0125","7.0209","6.9845","","-0.27%"
"12/09/2019","7.0101","6.9759","7.0175","6.9756","","0.46%"
"12/06/2019","6.9782","6.9770","6.9921","6.9587","","0.06%"
"12/05/2019","6.9738","6.9778","6.9915","6.9658","","-0.03%"
"12/04/2019","6.9757","6.9897","7.0072","6.9666","","-0.13%"
"12/03/2019","6.9848","6.9856","6.9952","6.9562","","0.01%"
"12/02/2019","6.9838","7.0032","7.0062","6.9706","","-0.18%"
"11/29/2019","6.9963","6.9988","7.0069","6.9788","","-0.02%"
"11/28/2019","6.9975","7.0174","7.0279","6.9917","","-0.26%"
"11/27/2019","7.0155","7.0305","7.0333","7.0075","","-0.19%"
"11/26/2019","7.0288","7.0649","7.0683","7.0203","","-0.47%"
"11/25/2019","7.0620","7.0598","7.0719","7.0108","","0.13%"
"11/22/2019","7.0526","7.0614","7.0739","7.0372","","-0.11%"
"11/21/2019","7.0601","7.0715","7.0861","7.0511","","-0.12%"
"11/20/2019","7.0689","7.0771","7.1400","7.0659","","-0.07%"
"11/19/2019","7.0741","7.0821","7.0960","7.0616","","-0.08%"
"11/18/2019","7.0797","7.0896","7.0914","7.0617","","-0.05%"
"11/15/2019","7.0833","7.1087","7.1137","7.0753","","-0.32%"
"11/14/2019","7.1063","7.1395","7.1592","7.1069","","-0.45%"
"11/13/2019","7.1385","7.1371","7.1662","7.1254","","0.07%"
"11/12/2019","7.1334","7.1251","7.1425","7.1196","","0.14%"
"11/11/2019","7.1236","7.1342","7.1435","7.1234","","-0.10%"
"11/08/2019","7.1310","7.0968","7.1494","7.0849","","0.56%"
"11/07/2019","7.0916","7.0782","7.1060","7.0561","","0.22%"
"11/06/2019","7.0763","7.1091","7.1150","7.0615","","-0.45%"
"11/05/2019","7.1081","7.0807","7.1204","7.0606","","0.40%"
"11/04/2019","7.0798","7.0432","7.0875","7.0333","","0.57%"
"11/01/2019","7.0398","7.0946","7.1089","7.0385","","-0.74%"
"10/31/2019","7.0924","7.0896","7.1030","7.0683","","0.13%"
"10/30/2019","7.0833","7.1203","7.1480","7.0862","","-0.51%"
"10/29/2019","7.1196","7.1240","7.1523","7.1180","","-0.02%"
"10/28/2019","7.1213","7.1038","7.1307","7.0950","","0.29%"
"10/25/2019","7.1005","7.0831","7.1174","7.0722","","0.29%"
"10/24/2019","7.0802","7.0766","7.0890","7.0143","","0.09%"
"10/23/2019","7.0737","7.0807","7.0964","7.0672","","-0.10%"
"10/22/2019","7.0811","7.0833","7.0903","7.0641","","0.00%"
"10/21/2019","7.0812","7.0671","7.0989","7.0515","","0.23%"
"10/18/2019","7.0647","7.1182","7.1200","7.0659","","-0.73%"
"10/17/2019","7.1168","7.1357","7.1794","7.1000","","-0.25%"
"10/16/2019","7.1344","7.1580","7.1631","7.1281","","-0.29%"
"10/15/2019","7.1549","7.1705","7.1857","7.1333","","-0.18%"
"10/14/2019","7.1681","7.1431","7.2003","7.1406","","0.40%"
"10/11/2019","7.1398","7.1566","7.1620","7.1264","","-0.21%"
"10/10/2019","7.1545","7.2113","7.2158","7.1318","","-0.77%"
"10/09/2019","7.2097","7.1941","7.2182","7.1831","","0.25%"
"10/08/2019","7.1915","7.1803","7.2021","7.1526","","0.19%"
"10/07/2019","7.1779","7.1385","7.1868","7.1224","","0.57%"
"10/04/2019","7.1369","7.1459","7.1569","7.1302","","-0.11%"
"10/03/2019","7.1447","7.1322","7.1709","7.1252","","0.21%"
"10/02/2019","7.1299","7.1321","7.1587","7.1167","","-0.01%"
"10/01/2019","7.1305","7.1220","7.1572","7.1126","","0.14%"
"09/30/2019","7.1202","7.0896","7.1280","7.0820","","0.48%"
"09/27/2019","7.0859","7.0645","7.1133","7.0532","","0.34%"
"09/26/2019","7.0622","7.0753","7.0802","7.0414","","-0.15%"
"09/25/2019","7.0729","7.0255","7.0785","7.0216","","0.73%"
"09/24/2019","7.0218","7.0441","7.0760","7.0223","","-0.27%"
"09/23/2019","7.0408","7.0438","7.0976","7.0396","","0.03%"
"09/20/2019","7.0389","7.0248","7.0759","7.0219","","0.21%"
"09/19/2019","7.0243","7.0693","7.0762","7.0192","","-0.58%"
"09/18/2019","7.0651","7.0381","7.0834","7.0333","","0.42%"
"09/17/2019","7.0353","7.0227","7.0625","7.0113","","0.22%"
"09/16/2019","7.0198","6.9967","7.0476","6.9787","","0.36%"
"09/13/2019","6.9944","6.9961","7.0111","6.9774","","-0.02%"
"09/12/2019","6.9958","7.0136","7.0716","6.9873","","-0.24%"
"09/11/2019","7.0129","7.0204","7.0360","7.0066","","-0.04%"
"09/10/2019","7.0158","7.0012","7.0750","6.9927","","0.24%"
"09/09/2019","6.9989","6.9785","7.0097","6.9741","","0.27%"
"09/06/2019","6.9799","7.0015","7.0063","6.9559","","-0.25%"
"09/05/2019","6.9977","7.0297","7.0412","6.9736","","-0.44%"
"09/04/2019","7.0285","7.0634","7.0681","7.0262","","-0.46%"
"09/03/2019","7.0610","7.0631","7.1023","7.0599","","-0.02%"
"09/02/2019","7.0625","7.0921","7.0921","7.0436","","-0.20%"
"08/30/2019","7.0763","7.0452","7.0906","7.0389","","0.46%"
"08/29/2019","7.0439","7.0027","7.0516","6.9948","","0.63%"
"08/28/2019","7.0001","6.9612","7.0093","6.9569","","0.58%"
"08/27/2019","6.9596","6.9664","6.9748","6.9249","","-0.08%"
"08/26/2019","6.9653","6.9258","6.9761","6.9099","","0.60%"
"08/23/2019","6.9235","6.9851","6.9924","6.9247","","-0.85%"
"08/22/2019","6.9828","6.9536","6.9877","6.9288","","0.46%"
"08/21/2019","6.9505","6.9962","7.0023","6.9486","","-0.61%"
"08/20/2019","6.9933","6.9844","7.0248","6.9766","","0.15%"
"08/19/2019","6.9831","6.9741","6.9927","6.9655","","0.15%"
"08/16/2019","6.9723","6.9419","6.9906","6.9364","","0.51%"
"08/15/2019","6.9371","6.9307","6.9539","6.9092","","0.12%"
"08/14/2019","6.9289","6.8970","6.9372","6.8659","","0.50%"
"08/13/2019","6.8942","6.8938","6.9161","6.8590","","0.04%"
"08/12/2019","6.8916","6.8888","6.9240","6.8724","","0.06%"
"08/09/2019","6.8878","6.9465","6.9503","6.8857","","-0.81%"
"08/08/2019","6.9441","6.9717","6.9729","6.9278","","-0.36%"
"08/07/2019","6.9693","6.9384","6.9742","6.9208","","0.51%"
"08/06/2019","6.9342","6.9350","6.9615","6.9044","","0.01%"
"08/05/2019","6.9332","6.9988","7.0093","6.9262","","-0.90%"
"08/02/2019","6.9964","7.0111","7.0296","6.9932","","-0.20%"
"08/01/2019","7.0107","7.0240","7.0514","7.0066","","-0.16%"
"07/31/2019","7.0221","6.9830","7.0506","6.9736","","0.58%"
"07/30/2019","6.9817","6.9248","6.9851","6.9181","","0.88%"
"07/29/2019","6.9205","6.9385","6.9458","6.9099","","-0.21%"
"07/26/2019","6.9348","6.9125","6.9459","6.9030","","0.39%"
"07/25/2019","6.9081","6.9099","6.9310","6.9005","","0.02%"
"07/24/2019","6.9068","6.9356","6.9526","6.9041","","-0.37%"
"07/23/2019","6.9326","6.9194","6.9449","6.9141","","0.24%"
"07/22/2019","6.9158","6.8991","6.9208","6.8934","","0.36%"
"07/19/2019","6.8911","6.8591","6.9061","6.8571","","0.55%"
"07/18/2019","6.8535","6.8823","6.8944","6.8520","","-0.39%"
"07/17/2019","6.8802","6.9124","6.9204","6.8724","","-0.41%"
"07/16/2019","6.9083","6.8980","6.9254","6.8886","","0.18%"
"07/15/2019","6.8957","6.9012","6.9133","6.8931","","-0.14%"
"07/12/2019","6.9054","6.9108","6.9161","6.8795","","-0.06%"
"07/11/2019","6.9092","6.9379","6.9416","6.9109","","-0.34%"
"07/10/2019","6.9330","6.9548","6.9640","6.9280","","-0.28%"
"07/09/2019","6.9524","6.9574","6.9788","6.9481","","-0.04%"
"07/08/2019","6.9551","6.9474","6.9636","6.9258","","0.19%"
"07/05/2019","6.9421","6.8766","6.9533","6.8721","","1.02%"
"07/04/2019","6.8721","6.8664","6.8848","6.8591","","0.10%"
"07/03/2019","6.8652","6.8807","6.8997","6.8522","","-0.18%"
"07/02/2019","6.8779","6.9074","6.9092","6.8701","","-0.37%"
"07/01/2019","6.9035","6.8640","6.9075","6.8550","","0.66%"
"06/28/2019","6.8584","6.8551","6.8755","6.8401","","0.09%"
"06/27/2019","6.8525","6.8369","6.8615","6.8306","","0.26%"
"06/26/2019","6.8350","6.8505","6.8616","6.8330","","-0.18%"
"06/25/2019","6.8473","6.8561","6.8667","6.8268","","-0.09%"
"06/24/2019","6.8532","6.9074","6.9074","6.8511","","-0.66%"
"06/21/2019","6.8985","6.9382","6.9454","6.8938","","-0.54%"
"06/20/2019","6.9358","6.9607","6.9667","6.9236","","-0.34%"
"06/19/2019","6.9594","6.9767","6.9867","6.9546","","-0.15%"
"06/18/2019","6.9702","6.9164","6.9820","6.8974","","0.81%"
"06/17/2019","6.9143","6.9236","6.9340","6.9046","","-0.07%"
"06/14/2019","6.9194","6.9391","6.9483","6.8917","","-0.25%"
"06/13/2019","6.9369","6.9320","6.9499","6.9239","","0.11%"
"06/12/2019","6.9296","6.9287","6.9374","6.9054","","0.05%"
"06/11/2019","6.9263","6.8933","6.9330","6.8897","","0.50%"
"06/10/2019","6.8918","6.9069","6.9119","6.8768","","-0.05%"
"06/07/2019","6.8951","6.9076","6.9252","6.8841","","-0.08%"
"06/06/2019","6.9009","6.9123","6.9260","6.8920","","-0.13%"
"06/05/2019","6.9099","6.9070","6.9195","6.8953","","0.08%"
"06/04/2019","6.9041","6.9103","6.9191","6.8835","","-0.05%"
"06/03/2019","6.9078","6.9088","6.9344","6.8963","","0.00%"
"05/31/2019","6.9081","6.9154","6.9422","6.8983","","-0.08%"
"05/30/2019","6.9139","6.9142","6.9345","6.9056","","0.03%"
"05/29/2019","6.9118","6.9566","6.9578","6.9100","","-0.62%"
"05/28/2019","6.9550","6.9663","6.9690","6.9261","","-0.13%"
"05/27/2019","6.9642","6.9412","6.9773","6.9328","","0.45%"
"05/24/2019","6.9331","6.9706","6.9833","6.9317","","-0.50%"
"05/23/2019","6.9678","6.9827","6.9994","6.9655","","-0.12%"
"05/22/2019","6.9764","7.0086","7.0180","6.9772","","-0.41%"
"05/21/2019","7.0049","7.0201","7.0372","7.0012","","-0.19%"
"05/20/2019","7.0182","7.0003","7.0294","6.9912","","0.28%"
"05/17/2019","6.9983","7.0223","7.0303","6.9932","","-0.31%"
"05/16/2019","7.0200","7.0172","7.0311","6.9981","","0.10%"
"05/15/2019","7.0128","7.0164","7.0387","6.9987","","-0.02%"
"05/14/2019","7.0140","7.0330","7.0387","7.0034","","-0.22%"
"05/13/2019","7.0295","7.0535","7.0661","7.0139","","-0.31%"
"05/10/2019","7.0511","7.0739","7.0903","7.0482","","-0.29%"
"05/09/2019","7.0715","7.0605","7.0828","7.0486","","0.19%"
"05/08/2019","7.0581","7.0397","7.0608","7.0247","","0.30%"
"05/07/2019","7.0370","7.0160","7.0487","7.0061","","0.35%"
"05/06/2019","7.0122","7.0112","7.0424","6.9914","","0.03%"
"05/03/2019","7.0098","7.0285","7.0476","7.0083","","-0.25%"
"05/02/2019","7.0274","7.0085","7.0314","6.9897","","0.30%"
"05/01/2019","7.0065","6.9776","7.0112","6.9710","","0.47%"
"04/30/2019","6.9738","6.9868","6.9914","6.9604","","-0.14%"
"04/29/2019","6.9833","6.9868","6.9977","6.9711","","0.03%"
"04/26/2019","6.9814","6.9981","7.0063","6.9597","","-0.20%"
"04/25/2019","6.9955","6.9261","7.0191","6.9059","","1.01%"
"04/24/2019","6.9257","6.8914","6.9307","6.8776","","0.53%"
"04/23/2019","6.8895","6.8625","6.9156","6.8552","","0.43%"
"04/22/2019","6.8603","6.8678","6.8721","6.8503","","-0.04%"
"04/19/2019","6.8630","6.8664","6.8716","6.8555","","0.01%"
"04/18/2019","6.8625","6.8374","6.8900","6.8251","","0.40%"
"04/17/2019","6.8352","6.8356","6.8422","6.8113","","0.03%"
"04/16/2019","6.8333","6.8509","6.8582","6.8235","","-0.22%"
"04/15/2019","6.8481","6.8545","6.8567","6.8334","","-0.03%"
"04/12/2019","6.8503","6.8499","6.8573","6.8251","","0.04%"
"04/11/2019","6.8475","6.8515","6.8568","6.8193","","-0.03%"
"04/10/2019","6.8496","6.8401","6.8677","6.8222","","0.17%"
"04/09/2019","6.8382","6.8384","6.8466","6.8218","","0.04%"
"04/08/2019","6.8353","6.8643","6.8663","6.8172","","-0.42%"
"04/05/2019","6.8641","6.8523","6.8699","6.8398","","0.20%"
"04/04/2019","6.8507","6.8464","6.8600","6.8401","","0.10%"
"04/03/2019","6.8440","6.8854","6.8875","6.8400","","-0.55%"
"04/02/2019","6.8818","6.8524","6.8892","6.8481","","0.45%"
"04/01/2019","6.8510","6.8572","6.8630","6.8203","","-0.05%"
"03/29/2019","6.8544","6.8496","6.8635","6.8260","","0.09%"
"03/28/2019","6.8480","6.8460","6.8941","6.8358","","0.06%"
"03/27/2019","6.8442","6.8361","6.8530","6.8158","","0.15%"
"03/26/2019","6.8342","6.8448","6.8537","6.8198","","-0.12%"
"03/25/2019","6.8421","6.8565","6.8685","6.8189","","-0.15%"
"03/22/2019","6.8527","6.8021","6.8831","6.7852","","0.77%"
"03/21/2019","6.8002","6.7843","6.8118","6.7678","","0.26%"
"03/20/2019","6.7824","6.8120","6.8193","6.7607","","-0.42%"
"03/19/2019","6.8109","6.8306","6.8403","6.8000","","-0.25%"
"03/18/2019","6.8283","6.8271","6.8469","6.8144","","0.09%"
"03/15/2019","6.8224","6.8622","6.8670","6.8217","","-0.54%"
"03/14/2019","6.8593","6.8706","6.8865","6.8472","","-0.12%"
"03/13/2019","6.8677","6.9064","6.9153","6.8608","","-0.52%"
"03/12/2019","6.9035","6.9102","6.9341","6.8938","","-0.06%"
"03/11/2019","6.9075","6.9362","6.9412","6.9054","","-0.39%"
"03/08/2019","6.9348","6.9493","6.9859","6.9309","","-0.17%"
"03/07/2019","6.9464","6.8509","6.9649","6.8416","","1.42%"
"03/06/2019","6.8493","6.8675","6.8797","6.8355","","-0.22%"
"03/05/2019","6.8647","6.8925","6.9268","6.8651","","-0.41%"
"03/04/2019","6.8927","6.8393","6.9029","6.8272","","0.79%"
"03/01/2019","6.8388","6.8309","6.8485","6.8133","","0.14%"
"02/28/2019","6.8295","6.8758","6.8786","6.7999","","-0.64%"
"02/27/2019","6.8734","6.8900","6.8994","6.8505","","-0.20%"
"02/26/2019","6.8874","6.8952","6.9147","6.8840","","-0.09%"
"02/25/2019","6.8938","6.9173","6.9203","6.8859","","-0.29%"
"02/22/2019","6.9139","6.9227","6.9307","6.8953","","-0.12%"
"02/21/2019","6.9224","6.8961","6.9274","6.8822","","0.42%"
"02/20/2019","6.8937","6.8833","6.9072","6.8738","","0.19%"
"02/19/2019","6.8803","6.8212","6.9394","6.8166","","0.92%"
"02/18/2019","6.8178","6.8351","6.8451","6.8093","","-0.18%"
"02/15/2019","6.8303","6.8418","6.8674","6.8306","","-0.14%"
"02/14/2019","6.8399","6.8173","6.8662","6.8091","","0.37%"
"02/13/2019","6.8147","6.8281","6.8497","6.7729","","-0.17%"
"02/12/2019","6.8263","6.8384","6.8479","6.8171","","-0.15%"
"02/11/2019","6.8363","6.8344","6.8457","6.8167","","0.02%"
"02/08/2019","6.8347","6.8286","6.8467","6.8169","","0.12%"
"02/07/2019","6.8266","6.7885","6.8302","6.7829","","0.60%"
"02/06/2019","6.7860","6.7432","6.7913","6.7377","","0.67%"
"02/05/2019","6.7408","6.7277","6.7604","6.7231","","0.23%"
"02/04/2019","6.7254","6.7169","6.7418","6.6926","","0.16%"
"02/01/2019","6.7148","6.7248","6.7252","6.6889","","-0.14%"
"01/31/2019","6.7244","6.7113","6.7348","6.6936","","0.17%"
"01/30/2019","6.7132","6.7077","6.7365","6.6968","","0.08%"
"01/29/2019","6.7077","6.6921","6.7152","6.6849","","0.22%"
"01/28/2019","6.6928","6.6829","6.7077","6.6776","","0.14%"
"01/25/2019","6.6834","6.6761","6.7007","6.6643","","0.11%"
"01/24/2019","6.6761","6.6361","6.6861","6.6287","","0.61%"
"01/23/2019","6.6356","6.6380","6.6455","6.6238","","-0.04%"
"01/22/2019","6.6381","6.6328","6.6460","6.6268","","0.06%"
"01/21/2019","6.6341","6.6460","6.6460","6.6216","","-0.15%"
"01/18/2019","6.6440","6.6532","6.6616","6.6235","","-0.17%"
"01/17/2019","6.6551","6.6421","6.6726","6.6319","","0.21%"
"01/16/2019","6.6414","6.6094","6.6518","6.6094","","0.47%"
"01/15/2019","6.6106","6.6124","6.6329","6.5918","","-0.02%"
"01/14/2019","6.6120","6.6009","6.6203","6.5854","","0.13%"
"01/11/2019","6.6032","6.5903","6.6197","6.5591","","0.28%"
"01/10/2019","6.5846","6.5529","6.5925","6.5392","","0.49%"
"01/09/2019","6.5523","6.5747","6.5971","6.5457","","-0.34%"
"01/08/2019","6.5746","6.5583","6.5843","6.5385","","0.25%"
"01/07/2019","6.5580","6.5896","6.6018","6.5573","","-0.51%"
"01/04/2019","6.5914","6.6007","6.6128","6.5647","","-0.14%"
"01/03/2019","6.6005","6.6005","6.6440","6.5902","","0.03%"
"01/02/2019","6.5987","6.5068","6.6013","6.4895","","1.41%"
"01/01/2019","6.5068","6.4970","6.5099","6.4850","","0.16%"